院校名称,省份,专业组名称,投档线,最低投档排名,,,,,,,,,,,,,,,
清华大学,北京,第103组,669,14,,,,,,,,,,,,,,,
北京大学,北京,第103组,661,27,,,,,,,,,,,,,,,
上海交通大学,上海,第101组,652,74,,,,,,,,,,,,,,,
中国人民大学,北京,第103组,649,91,,,,,,,,,,,,,,,
中国人民大学,北京,第104组,647,111,,,,,,,,,,,,,,,
复旦大学,上海,第101组,646,113,,,,,,,,,,,,,,,
南京大学,江苏,第102组,643,158,,,,,,,,,,,,,,,
浙江大学,浙江,第101组,642,171,,,,,,,,,,,,,,,
武汉大学,湖北,第103组,633,331,,,,,,,,,,,,,,,
武汉大学,湖北,第104组,632,351,,,,,,,,,,,,,,,
武汉大学,湖北,第102组,599,2021,,,,,,,,,,,,,,,
中山大学,广东,第101组,632,353,,,,,,,,,,,,,,,
中山大学,广东,第102组,629,465,,,,,,,,,,,,,,,
厦门大学,福建,第102组,631,382,,,,,,,,,,,,,,,
厦门大学,福建,第104组,627,502,,,,,,,,,,,,,,,
厦门大学,福建,第101组,627,520,,,,,,,,,,,,,,,
厦门大学,福建,第106组,597,2216,,,,,,,,,,,,,,,
南开大学,天津,第102组,630,418,,,,,,,,,,,,,,,
北京师范大学,北京,第101组,629,454,,,,,,,,,,,,,,,
同济大学,上海,第102组,629,439,,,,,,,,,,,,,,,
北京航空航天大学,北京,第101组,628,475,,,,,,,,,,,,,,,
吉林大学,吉林,第103组,628,480,,,,,,,,,,,,,,,
吉林大学,吉林,第104组,609,1313,,,,,,,,,,,,,,,
吉林大学,吉林,第102组,608,1411,,,,,,,,,,,,,,,
东南大学,江苏,第101组,626,541,,,,,,,,,,,,,,,
华东师范大学,上海,第104组,623,628,,,,,,,,,,,,,,,
华东师范大学,上海,第105组,622,675,,,,,,,,,,,,,,,
中国政法大学,北京,第102组,623,655,,,,,,,,,,,,,,,
哈尔滨工业大学(深圳 ),广东,第101组,623,629,,,,,,,,,,,,,,,
四川大学,四川,第101组,621,756,,,,,,,,,,,,,,,
西安交通大学,陕西,第103组,621,741,,,,,,,,,,,,,,,
华中科技大学,湖北,第101组,618,847,,,,,,,,,,,,,,,
北京理工大学,北京,第101组,617,894,,,,,,,,,,,,,,,
重庆大学,重庆,第101组,617,886,,,,,,,,,,,,,,,
重庆大学,重庆,第102组(艺术类),584,3664,,,,,,,,,,,,,,,
天津大学,天津,第101组,615,977,,,,,,,,,,,,,,,
哈尔滨工业大学,黑龙江,第101组,615,990,,,,,,,,,,,,,,,
中南大学,湖南,第101组,615,972,,,,,,,,,,,,,,,
中央财经大学,北京,第101组,614,1016,,,,,,,,,,,,,,,
对外经济贸易大学,北京,第101组,614,1028,,,,,,,,,,,,,,,
中国人民大学(苏州校区),江苏,第102组,614,1025,,,,,,,,,,,,,,,
苏州大学,江苏,第101组,614,1054,,,,,,,,,,,,,,,
苏州大学,江苏,第103组,611,1230,,,,,,,,,,,,,,,
苏州大学,江苏,第102组,605,1565,,,,,,,,,,,,,,,
山东大学,山东,第101组,614,1017,,,,,,,,,,,,,,,
湖南大学,湖南,第102组,614,1049,,,,,,,,,,,,,,,
湖南大学,湖南,第103组,602,1790,,,,,,,,,,,,,,,
上海财经大学,上海,第101组,613,1113,,,,,,,,,,,,,,,
华南理工大学,广东,第101组,612,1165,,,,,,,,,,,,,,,
西北工业大学,陕西,第101组,611,1228,,,,,,,,,,,,,,,
北京外国语大学,北京,第102组,610,1274,,,,,,,,,,,,,,,
北京外国语大学,北京,第103组,609,1368,,,,,,,,,,,,,,,
山东大学威海分校,山东,第101组,609,1333,,,,,,,,,,,,,,,
西南政法大学,重庆,第102组,609,1315,,,,,,,,,,,,,,,
电子科技大学,四川,第101组,609,1301,,,,,,,,,,,,,,,
上海外国语大学,上海,第102组,608,1424,,,,,,,,,,,,,,,
中国海洋大学,山东,第103组,608,1404,,,,,,,,,,,,,,,
中国海洋大学,山东,第102组,604,1622,,,,,,,,,,,,,,,
中国海洋大学,山东,第101组,604,1677,,,,,,,,,,,,,,,
中央民族大学,山东,第101组,607,1452,,,,,,,,,,,,,,,
华东政法大学,上海,第102组,607,1463,,,,,,,,,,,,,,,
中国人民公安大学,北京,第102组,606,1544,,,,,,,,,,,,,,,
中南财经政法大学,湖北,第102组,606,1519,,,,,,,,,,,,,,,
浙江外国语学院,浙江,第101组,543,12503,,,,,,,,,,,,,,,
华中师范大学,湖北,第106组,605,1572,,,,,,,,,,,,,,,
华中师范大学,湖北,第105组,603,1737,,,,,,,,,,,,,,,
西南大学,重庆,第109组,605,1606,,,,,,,,,,,,,,,
西南大学,重庆,第106组,600,1950,,,,,,,,,,,,,,,
西南大学,重庆,第108组,600,1960,,,,,,,,,,,,,,,
西南大学,重庆,第107组,562,7361,,,,,,,,,,,,,,,
福州大学,福建,第101组,605,1616,,,,,,,,,,,,,,,
兰州大学,甘肃,第102组,605,1587,,,,,,,,,,,,,,,
兰州大学,甘肃,第101组,605,1595,,,,,,,,,,,,,,,
北京交通大学,北京,第101组,604,1634,,,,,,,,,,,,,,,
南京师范大学,江苏,第102组,603,1752,,,,,,,,,,,,,,,
南京师范大学,江苏,第101组,598,2112,,,,,,,,,,,,,,,
华南师范大学,广东,第103组,603,1753,,,,,,,,,,,,,,,
华南师范大学,广东,第104组,601,1902,,,,,,,,,,,,,,,
华南师范大学,广东,第102组,598,2093,,,,,,,,,,,,,,,
华南师范大学,广东,第101组,591,2803,,,,,,,,,,,,,,,
北京邮电大学,北京,第101组,603,1732,,,,,,,,,,,,,,,
中国传媒大学,北京,第102组,603,1706,,,,,,,,,,,,,,,
中国传媒大学,北京,第103组,576,4735,,,,,,,,,,,,,,,
中国社会科学院大学,北京,第101组,603,1746,,,,,,,,,,,,,,,
中国社会科学院大学,北京,第102组,602,1766,,,,,,,,,,,,,,,
东北大学,辽宁,第101组,603,1716,,,,,,,,,,,,,,,
华东理工大学,上海,第101组,603,1705,,,,,,,,,,,,,,,
江南大学,江苏,第102组,603,1750,,,,,,,,,,,,,,,
江南大学,江苏,第103组,602,1819,,,,,,,,,,,,,,,
江南大学,江苏,第101组,601,1863,,,,,,,,,,,,,,,
江南大学,江苏,第104组,600,1948,,,,,,,,,,,,,,,
东北师范大学,吉林,第105组,602,1789,,,,,,,,,,,,,,,
东北师范大学,吉林,第104组,590,2902,,,,,,,,,,,,,,,
北京科技大学,北京,第101组,601,1834,,,,,,,,,,,,,,,
中国农业大学,北京,第101组,601,1869,,,,,,,,,,,,,,,
暨南大学,广东,第101组,601,1828,,,,,,,,,,,,,,,
深圳大学,广东,第101组,601,1884,,,,,,,,,,,,,,,
陕西师范大学,陕西,第106组,600,1951,,,,,,,,,,,,,,,
陕西师范大学,陕西,第105组,598,2154,,,,,,,,,,,,,,,
陕西师范大学,陕西,第104组,597,2236,,,,,,,,,,,,,,,
北京林业大学,北京,第102组,600,1971,,,,,,,,,,,,,,,
北京林业大学,北京,第101组,597,2214,,,,,,,,,,,,,,,
宁波大学,浙江,第102组,600,1908,,,,,,,,,,,,,,,
宁波大学,浙江,第101组,558,8331,,,,,,,,,,,,,,,
上海大学,上海,第101组,599,2042,,,,,,,,,,,,,,,
上海大学,上海,第102组,591,2814,,,,,,,,,,,,,,,
上海大学,上海,第103组,578,4463,,,,,,,,,,,,,,,
西南财经大学,四川,第101组,599,1989,,,,,,,,,,,,,,,
中国石油大学(北京),北京,第102组,598,2138,,,,,,,,,,,,,,,
中国石油大学(北京),北京,第101组,593,2578,,,,,,,,,,,,,,,
南京理工大学,江苏,第102组,598,2091,,,,,,,,,,,,,,,
南京理工大学,江苏,第101组,590,2891,,,,,,,,,,,,,,,
武汉理工大学,湖北,第103组,598,2128,,,,,,,,,,,,,,,
武汉理工大学,湖北,第101组,592,2685,,,,,,,,,,,,,,,
武汉理工大学,湖北,第102组,589,2981,,,,,,,,,,,,,,,
西北政法大学,陕西,第101组,598,2142,,,,,,,,,,,,,,,
鲁东大学,山东,第101组,543,12525,,,,,,,,,,,,,,,
湖南师范大学,湖南,第103组,597,2227,,,,,,,,,,,,,,,
湖南师范大学,湖南,第101组,590,2838,,,,,,,,,,,,,,,
湖南师范大学,湖南,第104组,589,3040,,,,,,,,,,,,,,,
湖南师范大学,湖南,第102组,577,4541,,,,,,,,,,,,,,,
湖南师范大学,湖南,第106组,574,5050,,,,,,,,,,,,,,,
云南大学,云南,第102组,597,2195,,,,,,,,,,,,,,,
云南大学,云南,第103组,594,2470,,,,,,,,,,,,,,,
云南大学,云南,第101组,578,4369,,,,,,,,,,,,,,,
西北农林科技大学,陕西,第101组,597,2163,,,,,,,,,,,,,,,
南京航空航天大学,江苏,第101组,596,2264,,,,,,,,,,,,,,,
西南交通大学,四川,第102组,596,2322,,,,,,,,,,,,,,,
西南交通大学,四川,第101组,591,2810,,,,,,,,,,,,,,,
华北电力大学(北京),北京,第101组,595,2339,,,,,,,,,,,,,,,
中国矿业大学,江苏,第101组,595,2359,,,,,,,,,,,,,,,
南京审计大学,江苏,第102组,594,2464,,,,,,,,,,,,,,,
南京审计大学,江苏,第101组,591,2804,,,,,,,,,,,,,,,
东北大学秦皇岛分校,河北,第101组,593,2533,,,,,,,,,,,,,,,
东华大学,上海,第101组,593,2563,,,,,,,,,,,,,,,
合肥工业大学,安徽,第102组,593,2520,,,,,,,,,,,,,,,
合肥工业大学,安徽,第101组,586,3407,,,,,,,,,,,,,,,
西北大学,陕西,第102组,593,2540,,,,,,,,,,,,,,,
长安大学,陕西,第102组,593,2527,,,,,,,,,,,,,,,
长安大学,陕西,第101组,587,3283,,,,,,,,,,,,,,,
北京化工大学,北京,第101组,592,2696,,,,,,,,,,,,,,,
中国药科大学,江苏,第101组,592,2690,,,,,,,,,,,,,,,
大连海事大学,辽宁,第101组,591,2811,,,,,,,,,,,,,,,
大连海事大学,辽宁,第102组,589,3026,,,,,,,,,,,,,,,
北京中医药大学,北京,第101组,591,2714,,,,,,,,,,,,,,,
河海大学,江苏,第101组,591,2734,,,,,,,,,,,,,,,
中国地质大学(武汉),湖北,第101组,591,2751,,,,,,,,,,,,,,,
广东外语外贸大学,广东,第102组(政治学类),591,2784,,,,,,,,,,,,,,,
广东外语外贸大学,广东,第101组,578,4414,,,,,,,,,,,,,,,
上海政法学院,上海,第101组,591,2787,,,,,,,,,,,,,,,
上海政法学院,上海,第102组,583,3678,,,,,,,,,,,,,,,
上海政法学院,上海,第104组,576,4671,,,,,,,,,,,,,,,
上海政法学院,上海,第103组,570,5780,,,,,,,,,,,,,,,
郑州大学,河南,第101组,590,2840,,,,,,,,,,,,,,,
郑州大学,河南,第102组,588,3078,,,,,,,,,,,,,,,
广东财经大学,广东,第101组,590,2884,,,,,,,,,,,,,,,
安徽大学,安徽,第101组,589,3015,,,,,,,,,,,,,,,
江西财经大学,江西,第101组,589,2993,,,,,,,,,,,,,,,
江西财经大学,江西,第102组,574,5138,,,,,,,,,,,,,,,
江西财经大学,江西,第105组,570,5830,,,,,,,,,,,,,,,
江西财经大学,江西,第103组,566,6468,,,,,,,,,,,,,,,
江西财经大学,江西,第104组,565,6790,,,,,,,,,,,,,,,
北京体育大学,北京,第104组,588,3080,,,,,,,,,,,,,,,
北京体育大学,北京,第101组,588,3166,,,,,,,,,,,,,,,
北京体育大学,北京,第102组,581,3936,,,,,,,,,,,,,,,
江西警察学院,江西,第102组,543,12550,,,,,,,,,,,,,,,
北京语言大学,北京,第102组,588,3158,,,,,,,,,,,,,,,
北京语言大学,北京,第105组,579,4308,,,,,,,,,,,,,,,
华中农业大学,北京,第101组,588,3099,,,,,,,,,,,,,,,
首都经济贸易大学,北京,第101组,588,3181,,,,,,,,,,,,,,,
上海海事大学,上海,第101组,588,3088,,,,,,,,,,,,,,,
中央美术学院,北京,第101组,588,3178,,,,,,,,,,,,,,,
中央美术学院,北京,第102组,563,7182,,,,,,,,,,,,,,,
辽宁大学,辽宁,第10D组,587,3273,,,,,,,,,,,,,,,
辽宁大学,辽宁,第102组,586,3301,,,,,,,,,,,,,,,
辽宁大学,辽宁,第101组,586,3370,,,,,,,,,,,,,,,
辽宁大学,辽宁,第103组,585,3456,,,,,,,,,,,,,,,
辽宁大学,辽宁,第108组,572,5421,,,,,,,,,,,,,,,
辽宁大学,辽宁,第107组,569,5859,,,,,,,,,,,,,,,
辽宁大学,辽宁,第105组,569,5959,,,,,,,,,,,,,,,
辽宁大学,辽宁,第10B组,563,7237,,,,,,,,,,,,,,,
辽宁大学,辽宁,第106组,561,7687,,,,,,,,,,,,,,,
辽宁大学,辽宁,第104组,561,7719,,,,,,,,,,,,,,,
辽宁大学,辽宁,第10A组,559,8046,,,,,,,,,,,,,,,
辽宁大学,辽宁,第10C组,558,8444,,,,,,,,,,,,,,,
辽宁大学,辽宁,第109组,551,10182,,,,,,,,,,,,,,,
复旦大学医学院,上海,第101组,587,3199,,,,,,,,,,,,,,,
海南大学,海南,第104组,587,3294,,,,,,,,,,,,,,,
海南大学,海南,第105组,582,3877,,,,,,,,,,,,,,,
海南大学,海南,第102组,579,4304,,,,,,,,,,,,,,,
海南大学,海南,第101组,577,4623,,,,,,,,,,,,,,,
海南大学,海南,第106组,545,11934,,,,,,,,,,,,,,,
西北民族大学,甘肃,第102组,543,12558,,,,,,,,,,,,,,,
首都师范大学,北京,第101组,587,3263,,,,,,,,,,,,,,,
上海海关学院,上海,第102组,586,3380,,,,,,,,,,,,,,,
西南大学(荣昌校区),重庆,第101组,586,3410,,,,,,,,,,,,,,,
中国地质大学(北京),北京,第101组,586,3395,,,,,,,,,,,,,,,
华北电力大学(保定),河北,第101组,586,3406,,,,,,,,,,,,,,,
上海对外经贸大学,上海,第101组,586,3325,,,,,,,,,,,,,,,
上海对外经贸大学,上海,第102组,573,5210,,,,,,,,,,,,,,,
中国矿业大学(北京),北京,第101组(文管类),585,3478,,,,,,,,,,,,,,,
哈尔滨工程大学,黑龙江,第102组,585,3501,,,,,,,,,,,,,,,
哈尔滨工程大学,黑龙江,第101组,583,3774,,,,,,,,,,,,,,,
中国石油大学(华东),山东,第101组,584,3649,,,,,,,,,,,,,,,
贵州大学,贵州,第102组,584,3633,,,,,,,,,,,,,,,
贵州大学,贵州,第101组,581,4000,,,,,,,,,,,,,,,
"合肥工业大学(宣城
校区)",安徽,第101组,583,3739,,,,,,,,,,,,,,,
"合肥工业大学(宣城
校区)",安徽,第102组,581,3993,,,,,,,,,,,,,,,
浙江师范大学,浙江,第102组,580,4067,,,,,,,,,,,,,,,
浙江师范大学,浙江,第101组,570,5788,,,,,,,,,,,,,,,
山东理工大学,山东,第101组,543,12567,,,,,,,,,,,,,,,
东北财经大学,辽宁,第101组,580,4149,,,,,,,,,,,,,,,
东北财经大学,辽宁,第103组,562,7296,,,,,,,,,,,,,,,
东北财经大学,辽宁,第102组,554,9462,,,,,,,,,,,,,,,
衡阳师范学院,湖南,第103组,543,12604,,,,,,,,,,,,,,,
扬州大学,江苏,第103组,580,4089,,,,,,,,,,,,,,,
扬州大学,江苏,第102组,577,4654,,,,,,,,,,,,,,,
湘潭大学,湖南,第102组,580,4055,,,,,,,,,,,,,,,
湘潭大学,湖南,第101组,578,4352,,,,,,,,,,,,,,,
上海师范大学,上海,第103组,580,4129,,,,,,,,,,,,,,,
上海师范大学,上海,第104组,573,5271,,,,,,,,,,,,,,,
上海师范大学,上海,第101组,572,5487,,,,,,,,,,,,,,,
上海师范大学,上海,第102组,560,7920,,,,,,,,,,,,,,,
浙江工商大学,浙江,第101组,579,4215,,,,,,,,,,,,,,,
山西大学,山西,第101组,578,4345,,,,,,,,,,,,,,,
山西大学,山西,第102组,570,5809,,,,,,,,,,,,,,,
山西大学,山西,第104组,567,6345,,,,,,,,,,,,,,,
赣南师范大学,江西,第105组,542,12654,,,,,,,,,,,,,,,
内蒙古大学,内蒙古,第102组,578,4416,,,,,,,,,,,,,,,
内蒙古大学,内蒙古,第103组,570,5718,,,,,,,,,,,,,,,
内蒙古大学,内蒙古,第101组,566,6451,,,,,,,,,,,,,,,
南京财经大学,江苏,第101组,578,4409,,,,,,,,,,,,,,,
杭州电子科技大学,浙江,第101组,578,4431,,,,,,,,,,,,,,,
广州大学,广东,第101组,578,4459,,,,,,,,,,,,,,,
南昌大学,江西,第101组,578,4399,,,,,,,,,,,,,,,
南昌大学,江西,第102组,565,6698,,,,,,,,,,,,,,,
南京信息工程大学,江苏,第102组,577,4583,,,,,,,,,,,,,,,
南京信息工程大学,江苏,第101组,575,4845,,,,,,,,,,,,,,,
江苏大学,江苏,第101组,577,4533,,,,,,,,,,,,,,,
河南大学,河南,第103组,577,4655,,,,,,,,,,,,,,,
河南大学,河南,第101组,577,4670,,,,,,,,,,,,,,,
河南大学,河南,第102组,576,4742,,,,,,,,,,,,,,,
广州中医药大学,广东,第101组,577,4596,,,,,,,,,,,,,,,
广州中医药大学,广东,第102组,566,6467,,,,,,,,,,,,,,,
新疆大学,新疆,第101组,577,4536,,,,,,,,,,,,,,,
新疆大学,新疆,第103组,569,6002,,,,,,,,,,,,,,,
新疆大学,新疆,第102组,568,6192,,,,,,,,,,,,,,,
东北林业大学,黑龙江,第102组,576,4777,,,,,,,,,,,,,,,
东北林业大学,黑龙江,第101组,574,5156,,,,,,,,,,,,,,,
汕头大学,广东,第101组,576,4702,,,,,,,,,,,,,,,
西南石油大学,四川,第101组,576,4673,,,,,,,,,,,,,,,
江西师范大学,江西,第10E组,576,4771,,,,,,,,,,,,,,,
江西师范大学,江西,第10F组,571,5656,,,,,,,,,,,,,,,
江西师范大学,江西,第10A组,569,5873,,,,,,,,,,,,,,,
江西师范大学,江西,第10C组,552,9792,,,,,,,,,,,,,,,
江西师范大学,江西,第10D组,543,12372,,,,,,,,,,,,,,,
河北经贸大学,河北,第101组,542,12682,,,,,,,,,,,,,,,
大连医科大学,辽宁,第101组,575,4923,,,,,,,,,,,,,,,
南京林业大学,江苏,第101组,575,4961,,,,,,,,,,,,,,,
湖北大学,湖北,第102组,575,4943,,,,,,,,,,,,,,,
湖北大学,湖北,第101组,569,5927,,,,,,,,,,,,,,,
湖北大学,湖北,第103组,564,7049,,,,,,,,,,,,,,,
广东工业大学,广东,第101组,575,4915,,,,,,,,,,,,,,,
广东工业大学,广东,第102组,574,5039,,,,,,,,,,,,,,,
广东工业大学,广东,第103组,562,7376,,,,,,,,,,,,,,,
东北农业大学,黑龙江,第101组,574,5107,,,,,,,,,,,,,,,
广西大学,广西,第101组,574,4993,,,,,,,,,,,,,,,
浙江财经大学,浙江,第101组,573,5239,,,,,,,,,,,,,,,
浙江财经大学,浙江,第102组,566,6619,,,,,,,,,,,,,,,
中南民族大学,湖北,第101组,573,5300,,,,,,,,,,,,,,,
天津师范大学,天津,第103组,572,5452,,,,,,,,,,,,,,,
天津师范大学,天津,第101组,566,6561,,,,,,,,,,,,,,,
苏州城市学院,江苏,第101组,542,12684,,,,,,,,,,,,,,,
福建师范大学,福建,第101组,572,5469,,,,,,,,,,,,,,,
温州肯恩大学,浙江,第101组,542,12701,,,,,,,,,,,,,,,
重庆师范大学,重庆,第103组,572,5492,,,,,,,,,,,,,,,
重庆师范大学,重庆,第104组,570,5806,,,,,,,,,,,,,,,
重庆师范大学,重庆,第101组,564,6958,,,,,,,,,,,,,,,
山东政法学院,山东,第102组,542,12735,,,,,,,,,,,,,,,
四川师范大学,四川,第102组,572,5395,,,,,,,,,,,,,,,
四川师范大学,四川,第103组,569,5938,,,,,,,,,,,,,,,
四川师范大学,四川,第105组,569,6017,,,,,,,,,,,,,,,
四川师范大学,四川,第104组,568,6085,,,,,,,,,,,,,,,
四川师范大学,四川,第106组,567,6342,,,,,,,,,,,,,,,
四川师范大学,四川,第101组,564,6935,,,,,,,,,,,,,,,
宁夏大学,宁夏,第103组,572,5458,,,,,,,,,,,,,,,
宁夏大学,宁夏,第101组,569,5908,,,,,,,,,,,,,,,
宁夏大学,宁夏,第102组,568,6219,,,,,,,,,,,,,,,
南京医科大学,江苏,第101组,572,5386,,,,,,,,,,,,,,,
集美大学,福建,第101组,572,5397,,,,,,,,,,,,,,,
深圳技术大学,广东,第101组,572,5422,,,,,,,,,,,,,,,
成都理工大学,四川,第102组,572,5370,,,,,,,,,,,,,,,
成都理工大学,四川,第104组,572,5398,,,,,,,,,,,,,,,
成都理工大学,四川,第101组,570,5769,,,,,,,,,,,,,,,
成都理工大学,四川,第103组,550,10380,,,,,,,,,,,,,,,
上海海洋大学,上海,第101组,571,5502,,,,,,,,,,,,,,,
长沙理工大学,湖南,第101组,571,5572,,,,,,,,,,,,,,,
南方医科大学,广东,第101组,570,5723,,,,,,,,,,,,,,,
中国石油大学（北京）克拉玛依校区,北京,第101组,570,5738,,,,,,,,,,,,,,,
中国石油大学（北京）克拉玛依校区,北京,第102组,565,6770,,,,,,,,,,,,,,,
天津工业大学,天津,第101组,570,5750,,,,,,,,,,,,,,,
华侨大学,福建,第101组,570,5758,,,,,,,,,,,,,,,
安徽师范大学,安徽,第103组,569,5936,,,,,,,,,,,,,,,
安徽师范大学,安徽,第104组,567,6301,,,,,,,,,,,,,,,
安徽师范大学,安徽,第102组,560,7949,,,,,,,,,,,,,,,
北京第二外国语学院,北京,第101组,569,6019,,,,,,,,,,,,,,,
浙江理工大学,浙江,第101组,569,5945,,,,,,,,,,,,,,,
武汉科技大学,湖北,第101组,569,6029,,,,,,,,,,,,,,,
苏州科技大学,江苏,第102组,569,5958,,,,,,,,,,,,,,,
苏州科技大学,江苏,第101组,564,6857,,,,,,,,,,,,,,,
温州大学,浙江,第101组,569,5917,,,,,,,,,,,,,,,
温州大学,浙江,第102组,569,5962,,,,,,,,,,,,,,,
烟台大学,山东,第101组,569,5915,,,,,,,,,,,,,,,
青岛大学,山东,第101组,569,5961,,,,,,,,,,,,,,,
青岛大学,山东,第102组,567,6340,,,,,,,,,,,,,,,
湖南科技大学,湖南,第102组,569,6000,,,,,,,,,,,,,,,
湖南科技大学,湖南,第101组,564,6865,,,,,,,,,,,,,,,
湖南科技大学,湖南,第103组,564,6972,,,,,,,,,,,,,,,
西北师范大学,甘肃,第103组,568,6132,,,,,,,,,,,,,,,
西北师范大学,甘肃,第102组,560,7989,,,,,,,,,,,,,,,
西北师范大学,甘肃,第104组,558,8377,,,,,,,,,,,,,,,
西北师范大学,甘肃,第101组,554,9309,,,,,,,,,,,,,,,
浙江农林大学,浙江,第101组,568,6046,,,,,,,,,,,,,,,
浙江农林大学,浙江,第102组,568,6230,,,,,,,,,,,,,,,
杭州师范大学,浙江,第101组,568,6140,,,,,,,,,,,,,,,
杭州师范大学,浙江,第102组,556,8961,,,,,,,,,,,,,,,
成都大学,四川,第102组,568,6209,,,,,,,,,,,,,,,
成都大学,四川,第101组,560,7808,,,,,,,,,,,,,,,
燕山大学,河北,第101组,567,6315,,,,,,,,,,,,,,,
江苏科技大学,江苏,第101组,567,6379,,,,,,,,,,,,,,,
天津中医药大学,天津,第101组,567,6385,,,,,,,,,,,,,,,
浙江科技大学,浙江,第102组,542,12764,,,,,,,,,,,,,,,
中国民航大学,天津,第102组,567,6365,,,,,,,,,,,,,,,
中国民航大学,天津,第101组,565,6791,,,,,,,,,,,,,,,
南京工业大学,江苏,第101组,567,6356,,,,,,,,,,,,,,,
济南大学,山东,第104组,567,6360,,,,,,,,,,,,,,,
济南大学,山东,第101组,564,6950,,,,,,,,,,,,,,,
济南大学,山东,第103组,562,7352,,,,,,,,,,,,,,,
济南大学,山东,第102组,554,9468,,,,,,,,,,,,,,,
长江大学,湖北,第103组,567,6296,,,,,,,,,,,,,,,
长江大学,湖北,第101组,564,6948,,,,,,,,,,,,,,,
南京工程学院,江苏,第101组,542,12765,,,,,,,,,,,,,,,
江汉大学,湖北,第101组,567,6367,,,,,,,,,,,,,,,
南华大学,湖南,第101组,567,6258,,,,,,,,,,,,,,,
延边大学,吉林,第101组,566,6546,,,,,,,,,,,,,,,
石河子大学,新疆,第101组,566,6558,,,,,,,,,,,,,,,
成都中医药大学,四川,第101组,566,6485,,,,,,,,,,,,,,,
河北师范大学,河北,第103组,565,6743,,,,,,,,,,,,,,,
河北师范大学,河北,第102组,562,7394,,,,,,,,,,,,,,,
河北师范大学,河北,第101组,553,9611,,,,,,,,,,,,,,,
上海体育大学,上海,第101组,565,6666,,,,,,,,,,,,,,,
天津财经大学,天津,第101组,565,6709,,,,,,,,,,,,,,,
上海理工大学,上海,第101组,565,6768,,,,,,,,,,,,,,,
上海理工大学,上海,第102组,561,7615,,,,,,,,,,,,,,,
常州大学,江苏,第101组,565,6670,,,,,,,,,,,,,,,
常州大学,江苏,第102组,561,7740,,,,,,,,,,,,,,,
河南财经政法大学,河南,第101组,565,6780,,,,,,,,,,,,,,,
中国美术学院,浙江,第101组,565,6812,,,,,,,,,,,,,,,
山东师范大学,山东,第102组,564,6907,,,,,,,,,,,,,,,
山东师范大学,山东,第101组,562,7349,,,,,,,,,,,,,,,
广西师范大学,广西,第103组,564,6967,,,,,,,,,,,,,,,
广西师范大学,广西,第102组,552,9921,,,,,,,,,,,,,,,
河北大学,河北,第101组,564,7061,,,,,,,,,,,,,,,
南通大学,江苏,第101组,564,6854,,,,,,,,,,,,,,,
江苏师范大学,江苏,第101组,564,6902,,,,,,,,,,,,,,,
江苏师范大学,江苏,第103组,563,7104,,,,,,,,,,,,,,,
湖南工商大学,湖南,第101组,564,7035,,,,,,,,,,,,,,,
西华大学,四川,第101组,563,7146,,,,,,,,,,,,,,,
西安石油大学,陕西,第101组,563,7130,,,,,,,,,,,,,,,
西安财经大学,陕西,第101组,563,7176,,,,,,,,,,,,,,,
山西师范大学,山西,第102组,562,7396,,,,,,,,,,,,,,,
山西师范大学,山西,第101组,544,12115,,,,,,,,,,,,,,,
山西师范大学,山西,第103组,543,12323,,,,,,,,,,,,,,,
河南师范大学,河南,第102组,562,7432,,,,,,,,,,,,,,,
河南师范大学,河南,第101组,552,9897,,,,,,,,,,,,,,,
云南师范大学,云南,第103组,562,7294,,,,,,,,,,,,,,,
云南师范大学,云南,第101组,550,10400,,,,,,,,,,,,,,,
云南师范大学,云南,第104组,549,10675,,,,,,,,,,,,,,,
重庆第二师范学院,重庆,第102组,542,12773,,,,,,,,,,,,,,,
西藏大学,西藏,第102组,562,7477,,,,,,,,,,,,,,,
西藏大学,西藏,第101组,556,8980,,,,,,,,,,,,,,,
北京工商大学,北京,第101组,562,7485,,,,,,,,,,,,,,,
山东科技大学,山东,第101组,562,7516,,,,,,,,,,,,,,,
山东财经大学,山东,第101组,562,7420,,,,,,,,,,,,,,,
三峡大学,湖北,"第101组(经管法文专
业组)",562,7407,,,,,,,,,,,,,,,
湖南工业大学,湖南,第101组,562,7489,,,,,,,,,,,,,,,
四川外国语大学,四川,第102组,562,7350,,,,,,,,,,,,,,,
四川外国语大学,四川,第105组(政治学类),560,7948,,,,,,,,,,,,,,,
四川外国语大学,四川,第104组,558,8324,,,,,,,,,,,,,,,
四川外国语大学,四川,第103组,557,8739,,,,,,,,,,,,,,,
西安工业大学,陕西,第101组,562,7488,,,,,,,,,,,,,,,
西安科技大学,陕西,第101组,562,7493,,,,,,,,,,,,,,,
中国戏曲学院,北京,第101组,562,7501,,,,,,,,,,,,,,,
哈尔滨师范大学,黑龙江,第101组,561,7696,,,,,,,,,,,,,,,
海南师范大学,海南,第105组,561,7644,,,,,,,,,,,,,,,
海南师范大学,海南,第106组,558,8446,,,,,,,,,,,,,,,
海南师范大学,海南,第101组,550,10498,,,,,,,,,,,,,,,
湖南财政经济学院,湖南,第101组,542,12838,,,,,,,,,,,,,,,
郑州师范学院,河南,第101组,542,12840,,,,,,,,,,,,,,,
广东医科大学,广东,第101组,542,12873,,,,,,,,,,,,,,,
北京印刷学院,北京,第101组,561,7734,,,,,,,,,,,,,,,
天津外国语大学,天津,第101组,561,7648,,,,,,,,,,,,,,,
天津外国语大学,天津,第104组,561,7710,,,,,,,,,,,,,,,
天津外国语大学,天津,第103组,552,9801,,,,,,,,,,,,,,,
天津外国语大学,天津,第102组,552,9816,,,,,,,,,,,,,,,
曲阜师范大学,山东,第102组,561,7676,,,,,,,,,,,,,,,
曲阜师范大学,山东,第101组,551,10251,,,,,,,,,,,,,,,
广东金融学院,广东,第101组,561,7645,,,,,,,,,,,,,,,
昆明理工大学,云南,第101组,541,12951,,,,,,,,,,,,,,,
西南民族大学,四川,第101组,561,7671,,,,,,,,,,,,,,,
西安外国语大学,陕西,第102组,561,7659,,,,,,,,,,,,,,,
西安外国语大学,陕西,第104组,559,8134,,,,,,,,,,,,,,,
闽南师范大学,福建,第101组,541,12953,,,,,,,,,,,,,,,
重庆工商大学,重庆,第101组,560,7886,,,,,,,,,,,,,,,
成都信息工程大学,四川,第101组,560,7953,,,,,,,,,,,,,,,
石家庄铁道大学,河北,第101组,559,8129,,,,,,,,,,,,,,,
北京物资学院,北京,第101组,559,8166,,,,,,,,,,,,,,,
上海立信会计金融学院,上海,第101组,559,8089,,,,,,,,,,,,,,,
安徽财经大学,安徽,第101组,559,8186,,,,,,,,,,,,,,,
吉首大学,湖南,第102组,559,8062,,,,,,,,,,,,,,,
吉首大学,湖南,第101组,557,8520,,,,,,,,,,,,,,,
西南科技大学,四川,第102组,559,8123,,,,,,,,,,,,,,,
西南科技大学,四川,第101组,556,8925,,,,,,,,,,,,,,,
宁波诺丁汉大学,浙江,第101组,558,8311,,,,,,,,,,,,,,,
宁波诺丁汉大学,浙江,第102组,556,8959,,,,,,,,,,,,,,,
北京联合大学,北京,第102组,558,8407,,,,,,,,,,,,,,,
北京联合大学,北京,第101组,554,9245,,,,,,,,,,,,,,,
浙江科技大学,浙江,第101组,558,8438,,,,,,,,,,,,,,,
福建江夏学院,福建,第101组,541,12956,,,,,,,,,,,,,,,
嘉兴南湖学院,浙江,第101组,541,12960,,,,,,,,,,,,,,,
中南林业科技大学,湖南,第101组,558,8308,,,,,,,,,,,,,,,
赣南师范大学,江西,第109组,558,8479,,,,,,,,,,,,,,,
云南财经大学,云南,第101组,541,12996,,,,,,,,,,,,,,,
长沙学院,湖南,第103组,541,12998,,,,,,,,,,,,,,,
温州理工学院,浙江,第101组,541,13120,,,,,,,,,,,,,,,
北部湾大学,广西,第103组,541,13139,,,,,,,,,,,,,,,
闽江学院,福建,第101组,541,13182,,,,,,,,,,,,,,,
西交利物浦大学,江苏,第101组,557,8645,,,,,,,,,,,,,,,
安徽建筑大学,安徽,第101组,557,8507,,,,,,,,,,,,,,,
广东警官学院,广东,第101组,557,8662,,,,,,,,,,,,,,,
北京电影学院,北京,第101组,557,8531,,,,,,,,,,,,,,,
哈尔滨医科大学,黑龙江,第102组,556,8754,,,,,,,,,,,,,,,
哈尔滨医科大学,黑龙江,第101组,555,9203,,,,,,,,,,,,,,,
湖北第二师范学院,湖北,第101组,541,13195,,,,,,,,,,,,,,,
天津科技大学,天津,"第101组(经管文法
组 )",556,8814,,,,,,,,,,,,,,,
华东交通大学,江西,第101组,556,8747,,,,,,,,,,,,,,,
华东交通大学,江西,第103组,553,9711,,,,,,,,,,,,,,,
华东交通大学,江西,第102组,544,12183,,,,,,,,,,,,,,,
江西科技师范大学,江西,第10B组,556,8769,,,,,,,,,,,,,,,
江西科技师范大学,江西,第108组,545,11752,,,,,,,,,,,,,,,
西安工程大学,陕西,第102组,540,13280,,,,,,,,,,,,,,,
山西医科大学,山西,第102组,540,13281,,,,,,,,,,,,,,,
江西农业大学,江西,第101组,540,13312,,,,,,,,,,,,,,,
湖北师范大学,湖北,第103组,555,9193,,,,,,,,,,,,,,,
湖北师范大学,湖北,第102组,553,9575,,,,,,,,,,,,,,,
湖北师范大学,湖北,第101组,550,10262,,,,,,,,,,,,,,,
黑龙江大学,黑龙江,第102组,555,9151,,,,,,,,,,,,,,,
江苏海洋大学,江苏,第101组,555,9144,,,,,,,,,,,,,,,
浙江传媒学院,浙江,第102组,555,9183,,,,,,,,,,,,,,,
浙江传媒学院,浙江,第101组,545,11872,,,,,,,,,,,,,,,
湖北工业大学,湖北,第101组,555,9052,,,,,,,,,,,,,,,
上海第二工业大学,上海,第101组,554,9406,,,,,,,,,,,,,,,
湖州师范学院,浙江,第101组,554,9465,,,,,,,,,,,,,,,
厦门理工学院,福建,第102组,554,9308,,,,,,,,,,,,,,,
厦门理工学院,福建,第101组,551,10078,,,,,,,,,,,,,,,
临沂大学,山东,第101组,540,13319,,,,,,,,,,,,,,,
中北大学,山西,第101组,553,9617,,,,,,,,,,,,,,,
无锡学院,江苏,第101组,553,9496,,,,,,,,,,,,,,,
南昌航空大学,江西,第101组,553,9582,,,,,,,,,,,,,,,
渤海大学,辽宁,第101组,540,13334,,,,,,,,,,,,,,,
大连外国语大学,辽宁,第102组,552,9893,,,,,,,,,,,,,,,
大连外国语大学,辽宁,第101组,543,12457,,,,,,,,,,,,,,,
上海商学院,上海,第101组,552,9814,,,,,,,,,,,,,,,
青岛理工大学,山东,第101组,552,9886,,,,,,,,,,,,,,,
湖南理工学院,湖南,第102组,552,9950,,,,,,,,,,,,,,,
湖南理工学院,湖南,第101组,549,10614,,,,,,,,,,,,,,,
西华师范大学,四川,第102组,552,9900,,,,,,,,,,,,,,,
西华师范大学,四川,第101组,551,10167,,,,,,,,,,,,,,,
四川警察学院,四川,第101组,552,9772,,,,,,,,,,,,,,,
上海戏剧学院,上海,第101组,552,9889,,,,,,,,,,,,,,,
辽宁师范大学,辽宁,第103组,551,10202,,,,,,,,,,,,,,,
江西师范大学,江西,第10B组,540,13445,,,,,,,,,,,,,,,
衡阳师范学院,湖南,第101组,540,13520,,,,,,,,,,,,,,,
嘉兴大学,浙江,第101组,551,9997,,,,,,,,,,,,,,,
安徽工业大学,安徽,第101组,551,10233,,,,,,,,,,,,,,,
淮北师范大学,安徽,第104组,551,10032,,,,,,,,,,,,,,,
淮北师范大学,安徽,第101组,548,10863,,,,,,,,,,,,,,,
淮北师范大学,安徽,第102组,544,12296,,,,,,,,,,,,,,,
四川轻化工大学,四川,第101组,551,10136,,,,,,,,,,,,,,,
聊城大学,山东,第101组,550,10552,,,,,,,,,,,,,,,
聊城大学,山东,第102组,549,10787,,,,,,,,,,,,,,,
北京师范大学-香港浸会大学联合国际学,广东,第101组,550,10360,,,,,,,,,,,,,,,
南宁师范大学,广西,第102组,550,10545,,,,,,,,,,,,,,,
东北石油大学,黑龙江,第101组,540,13537,,,,,,,,,,,,,,,
西安工程大学,陕西,第101组,550,10297,,,,,,,,,,,,,,,
广东金融学院,广东,第102组,540,13550,,,,,,,,,,,,,,,
甘肃政法大学,甘肃,第101组,550,10467,,,,,,,,,,,,,,,
甘肃政法大学,甘肃,第102组,543,12495,,,,,,,,,,,,,,,
中国劳动关系学院,北京,第101组,549,10684,,,,,,,,,,,,,,,
中国劳动关系学院,北京,第102组,546,11672,,,,,,,,,,,,,,,
福建农林大学,福建,第101组,549,10647,,,,,,,,,,,,,,,
河南科技大学,河南,第101组,540,13561,,,,,,,,,,,,,,,
湖南中医药大学,湖南,第101组,549,10765,,,,,,,,,,,,,,,
云南警官学院,云南,第101组,540,13578,,,,,,,,,,,,,,,
重庆理工大学,重庆,第101组,549,10634,,,,,,,,,,,,,,,
江西农业大学,江西,第103组,549,10706,,,,,,,,,,,,,,,
江西农业大学,江西,第104组,546,11467,,,,,,,,,,,,,,,
遵义医科大学,贵州,第103组,539,13583,,,,,,,,,,,,,,,
沈阳大学,辽宁,第104组,539,13587,,,,,,,,,,,,,,,
渤海大学,辽宁,第103组,548,11063,,,,,,,,,,,,,,,
郑州轻工业大学,河南,第101组,539,13640,,,,,,,,,,,,,,,
吉林财经大学,吉林,第101组,539,13651,,,,,,,,,,,,,,,
浙江中医药大学,浙江,第101组,548,11072,,,,,,,,,,,,,,,
浙江师范大学,浙江,第103组,539,13722,,,,,,,,,,,,,,,
山东工商学院,山东,第101组,548,11015,,,,,,,,,,,,,,,
武汉轻工大学,湖北,第101组,548,10907,,,,,,,,,,,,,,,
衡阳师范学院,湖南,第102组,548,10962,,,,,,,,,,,,,,,
海南大学,海南,第103组,539,13724,,,,,,,,,,,,,,,
厦门理工学院,福建,第103组,539,13744,,,,,,,,,,,,,,,
西北民族大学,甘肃,第105组,548,10924,,,,,,,,,,,,,,,
西北政法大学,陕西,第102组,539,13750,,,,,,,,,,,,,,,
泉州师范学院,福建,第102组,539,13763,,,,,,,,,,,,,,,
潍坊学院,山东,第102组,539,13841,,,,,,,,,,,,,,,
江西科技师范大学,江西,第107组,539,13854,,,,,,,,,,,,,,,
闽南师范大学,福建,第102组,547,11220,,,,,,,,,,,,,,,
成都师范学院,四川,第102组,539,13865,,,,,,,,,,,,,,,
湖北第二师范学院,湖北,第103组,547,11309,,,,,,,,,,,,,,,
东北电力大学,吉林,第102组,539,13898,,,,,,,,,,,,,,,
广西民族大学,广西,第101组,539,13902,,,,,,,,,,,,,,,
湖南农业大学,湖南,第101组,547,11166,,,,,,,,,,,,,,,
广东技术师范大学,广东,第101组,547,11351,,,,,,,,,,,,,,,
嘉兴南湖学院,浙江,第102组,547,11206,,,,,,,,,,,,,,,
北方民族大学,宁夏,第102组,538,14062,,,,,,,,,,,,,,,
吉林师范大学,吉林,第105组,546,11539,,,,,,,,,,,,,,,
山西中医药大学,山西,第101组,538,14079,,,,,,,,,,,,,,,
广西民族大学,广西,第102组,538,14085,,,,,,,,,,,,,,,
北部湾大学,广西,第104组,538,14086,,,,,,,,,,,,,,,
北京石油化工学院,北京,第101组,538,14089,,,,,,,,,,,,,,,
天津商业大学,天津,第101组,546,11529,,,,,,,,,,,,,,,
华北理工大学,河北,第101组,546,11678,,,,,,,,,,,,,,,
大连大学,辽宁,第101组,546,11610,,,,,,,,,,,,,,,
上海工程技术大学,上海,第101组,546,11526,,,,,,,,,,,,,,,
南京晓庄学院,江苏,第101组,546,11573,,,,,,,,,,,,,,,
江西理工大学,江西,第101组,546,11697,,,,,,,,,,,,,,,
中华女子学院,北京,第101组,545,11952,,,,,,,,,,,,,,,
上海应用技术大学,上海,第101组,545,11730,,,,,,,,,,,,,,,
长沙学院,湖南,第101组,545,11760,,,,,,,,,,,,,,,
东北财经大学,辽宁,第104组,538,14147,,,,,,,,,,,,,,,
湖北中医药大学,湖北,第101组,538,14170,,,,,,,,,,,,,,,
辽宁师范大学,辽宁,第101组,538,14194,,,,,,,,,,,,,,,
新疆师范大学,新疆,第102组,544,12122,,,,,,,,,,,,,,,
贵州财经大学,贵州,第104组,538,14209,,,,,,,,,,,,,,,
山东政法学院,山东,第101组,544,12025,,,,,,,,,,,,,,,
金陵科技学院,江苏,第101组,538,14213,,,,,,,,,,,,,,,
河南工业大学,河南,第101组,544,12147,,,,,,,,,,,,,,,
惠州学院,广东,第101组,544,12062,,,,,,,,,,,,,,,
长江师范学院,重庆,第101组,544,12172,,,,,,,,,,,,,,,
云南民族大学,云南,第102组,544,12011,,,,,,,,,,,,,,,
湖北经济学院,湖北,第101组,538,14223,,,,,,,,,,,,,,,
大理大学,云南,第101组,544,12171,,,,,,,,,,,,,,,
长沙学院,湖南,第104组,538,14224,,,,,,,,,,,,,,,
合肥大学,安徽,第101组,538,14241,,,,,,,,,,,,,,,
河南理工大学,河南,第101组,537,14269,,,,,,,,,,,,,,,
长春理工大学,吉林,第101组,543,12435,,,,,,,,,,,,,,,
大连交通大学,辽宁,第101组,543,12444,,,,,,,,,,,,,,,
河北工程大学,河北,第101组,537,14302,,,,,,,,,,,,,,,
闽江学院,福建,第102组,537,14347,,,,,,,,,,,,,,,
齐鲁工业大学,山东,第101组,543,12406,,,,,,,,,,,,,,,
丽水学院,浙江,第103组,537,14400,,,,,,,,,,,,,,,
贵州财经大学,贵州,第101组,543,12392,,,,,,,,,,,,,,,
东华理工大学,江西,第101组,537,14453,,,,,,,,,,,,,,,
大理大学,云南,第103组,537,14466,,,,,,,,,,,,,,,
河南农业大学,河南,第102组,537,14479,,,,,,,,,,,,,,,
桂林电子科技大学,广西,第101组,537,14555,,,,,,,,,,,,,,,
遵义医科大学,贵州,第102组,537,14558,,,,,,,,,,,,,,,
北京体育大学,北京,第103组,537,14562,,,,,,,,,,,,,,,
江苏第二师范学院,江苏,第101组,536,14597,,,,,,,,,,,,,,,
常熟理工学院,江苏,第101组,536,14599,,,,,,,,,,,,,,,
台州学院,浙江,第102组,536,14654,,,,,,,,,,,,,,,
南京艺术学院,江苏,第101组,536,14740,,,,,,,,,,,,,,,
兰州交通大学,甘肃,第101组,536,14768,,,,,,,,,,,,,,,
贵州财经大学,贵州,第103组,536,14774,,,,,,,,,,,,,,,
南昌工程学院,江西,第101组,536,14778,,,,,,,,,,,,,,,
浙江科技大学,浙江,第103组,536,14818,,,,,,,,,,,,,,,
东北电力大学,吉林,第101组,536,14854,,,,,,,,,,,,,,,
延安大学,陕西,第101组,536,14901,,,,,,,,,,,,,,,
洛阳师范学院,河南,第101组,536,14904,,,,,,,,,,,,,,,
山西医科大学,山西,第101组,536,14906,,,,,,,,,,,,,,,
北方民族大学,宁夏,第103组,536,14928,,,,,,,,,,,,,,,
山西财经大学,山西,第101组,535,14984,,,,,,,,,,,,,,,
大连民族大学,辽宁,第101组,535,15093,,,,,,,,,,,,,,,
贵州财经大学,贵州,第102组,535,15096,,,,,,,,,,,,,,,
赣南师范大学,江西,第10A组,535,15103,,,,,,,,,,,,,,,
云南民族大学,云南,第101组,535,15168,,,,,,,,,,,,,,,
贵州师范大学,贵州,第104组,535,15220,,,,,,,,,,,,,,,
井冈山大学,江西,第102组,535,15246,,,,,,,,,,,,,,,
昆明学院,云南,第104组,535,15269,,,,,,,,,,,,,,,
太原师范学院,山西,第101组,535,15293,,,,,,,,,,,,,,,
黄冈师范学院,湖北,第101组,534,15326,,,,,,,,,,,,,,,
四川美术学院,四川,第101组,534,15351,,,,,,,,,,,,,,,
重庆文理学院,重庆,第103组,534,15381,,,,,,,,,,,,,,,
南宁师范大学,广西,第101组,534,15395,,,,,,,,,,,,,,,
大理大学,云南,第102组,534,15413,,,,,,,,,,,,,,,
中国民用航空飞行学院,四川,第102组,534,15461,,,,,,,,,,,,,,,
山东石油化工学院,山东,第102组,534,15511,,,,,,,,,,,,,,,
武汉商学院,湖北,第101组,534,15515,,,,,,,,,,,,,,,
湖北民族大学,湖北,第101组,534,15573,,,,,,,,,,,,,,,
徐州工程学院,江苏,第101组,534,15617,,,,,,,,,,,,,,,
西南林业大学,云南,第101组,534,15630,,,,,,,,,,,,,,,
天津美术学院,天津,第101组,534,15633,,,,,,,,,,,,,,,
泉州师范学院,福建,第101组,534,15641,,,,,,,,,,,,,,,
北部湾大学,广西,第102组,534,15659,,,,,,,,,,,,,,,
成都师范学院,四川,第101组,533,15711,,,,,,,,,,,,,,,
重庆三峡学院,重庆,第101组,533,15779,,,,,,,,,,,,,,,
绍兴文理学院,浙江,第101组,533,15796,,,,,,,,,,,,,,,
哈尔滨医科大学,黑龙江,第103组,533,15803,,,,,,,,,,,,,,,
吉林警察学院,吉林,第101组,533,15815,,,,,,,,,,,,,,,
安徽中医药大学,安徽,第101组,533,15876,,,,,,,,,,,,,,,
河南农业大学,河南,第101组,533,15882,,,,,,,,,,,,,,,
重庆第二师范学院,重庆,第101组,533,15896,,,,,,,,,,,,,,,
湖北文理学院,湖北,第101组,533,15912,,,,,,,,,,,,,,,
赣南师范大学,江西,第106组,533,15925,,,,,,,,,,,,,,,
青海民族大学,青海,第103组,533,15949,,,,,,,,,,,,,,,
广州体育学院,广东,第101组,533,15980,,,,,,,,,,,,,,,
福建理工大学,福建,第101组,533,16037,,,,,,,,,,,,,,,
湖北美术学院,湖北,第101组,533,16050,,,,,,,,,,,,,,,
广西财经学院,广西,第101组,533,16074,,,,,,,,,,,,,,,
河南中医药大学,河南,第101组,532,16092,,,,,,,,,,,,,,,
兰州财经大学,甘肃,第101组,532,16105,,,,,,,,,,,,,,,
南昌航空大学,江西,第102组,532,16172,,,,,,,,,,,,,,,
南昌师范学院,江西,第103组,532,16198,,,,,,,,,,,,,,,
大连工业大学,辽宁,第101组,532,16257,,,,,,,,,,,,,,,
井冈山大学,江西,第101组,532,16280,,,,,,,,,,,,,,,
海南医科大学,海南,第101组,532,16294,,,,,,,,,,,,,,,
山东中医药大学,山东,第101组,532,16394,,,,,,,,,,,,,,,
北京城市学院,北京,第101组,532,16408,,,,,,,,,,,,,,,
吉林师范大学,吉林,第101组,532,16435,,,,,,,,,,,,,,,
长春师范大学,吉林,第103组,532,16436,,,,,,,,,,,,,,,
韶关学院,广东,第102组,532,16439,,,,,,,,,,,,,,,
宁波工程学院,浙江,第101组,532,16441,,,,,,,,,,,,,,,
贵州师范大学,贵州,第102组,532,16455,,,,,,,,,,,,,,,
岭南师范学院,广东,第102组,532,16459,,,,,,,,,,,,,,,
景德镇陶瓷大学,江西,第102组,531,16488,,,,,,,,,,,,,,,
天津中德应用技术大学,天津,第101组,531,16503,,,,,,,,,,,,,,,
成都工业学院,四川,第102组,531,16520,,,,,,,,,,,,,,,
洛阳师范学院,河南,第104组,531,16521,,,,,,,,,,,,,,,
湖北工程学院,湖北,第102组,531,16524,,,,,,,,,,,,,,,
南昌师范学院,江西,第102组,531,16587,,,,,,,,,,,,,,,
南阳师范学院,河南,第103组,531,16630,,,,,,,,,,,,,,,
四川旅游学院,四川,第102组,531,16665,,,,,,,,,,,,,,,
遵义师范学院,贵州,第102组,531,16688,,,,,,,,,,,,,,,
江苏理工学院,江苏,第101组,531,16761,,,,,,,,,,,,,,,
南昌师范学院,江西,第104组,531,16763,,,,,,,,,,,,,,,
湘南学院,湖南,第101组,531,16774,,,,,,,,,,,,,,,
四川旅游学院,四川,第101组,531,16778,,,,,,,,,,,,,,,
山西农业大学,山西,第102组,531,16818,,,,,,,,,,,,,,,
北华大学,吉林,第101组,531,16833,,,,,,,,,,,,,,,
重庆文理学院,重庆,第102组,530,16897,,,,,,,,,,,,,,,
西北民族大学,甘肃,第101组,530,16912,,,,,,,,,,,,,,,
昆明学院,云南,第103组,530,16949,,,,,,,,,,,,,,,
台州学院,浙江,第101组,530,16962,,,,,,,,,,,,,,,
贵州民族大学,贵州,第101组,530,17019,,,,,,,,,,,,,,,
沈阳理工大学,辽宁,第101组,530,17023,,,,,,,,,,,,,,,
贵阳学院,贵州,第102组,530,17071,,,,,,,,,,,,,,,
广西中医药大学,广西,第101组,530,17078,,,,,,,,,,,,,,,
福建农林大学,福建,第102组,530,17087,,,,,,,,,,,,,,,
山东建筑大学,山东,第101组,530,17108,,,,,,,,,,,,,,,
安阳师范学院,河南,第101组,530,17123,,,,,,,,,,,,,,,
济宁学院,山东,第101组,530,17157,,,,,,,,,,,,,,,
沈阳大学,辽宁,第102组,530,17209,,,,,,,,,,,,,,,
丽水学院,浙江,第101组,530,17231,,,,,,,,,,,,,,,
商丘师范学院,河南,第102组,530,17233,,,,,,,,,,,,,,,
韶关学院,广东,第106组,529,17278,,,,,,,,,,,,,,,
云南农业大学,云南,第101组,529,17345,,,,,,,,,,,,,,,
江西中医药大学,江西,第103组,529,17359,,,,,,,,,,,,,,,
长沙师范学院,湖南,第101组,529,17400,,,,,,,,,,,,,,,
天津职业技术师范大学,天津,第101组,529,17408,,,,,,,,,,,,,,,
贵阳学院,贵州,第101组,529,17526,,,,,,,,,,,,,,,
盐城师范学院,江苏,第101组,529,17530,,,,,,,,,,,,,,,
山西农业大学,山西,第101组,529,17584,,,,,,,,,,,,,,,
长春师范大学,吉林,第104组,529,17593,,,,,,,,,,,,,,,
宁德师范学院,福建,第101组,529,17624,,,,,,,,,,,,,,,
岭南师范学院,广东,第101组,529,17681,,,,,,,,,,,,,,,
陕西理工大学,陕西,第101组,528,17709,,,,,,,,,,,,,,,
赣南师范大学,江西,第107组,528,17733,,,,,,,,,,,,,,,
山东石油化工学院,山东,第101组,528,17736,,,,,,,,,,,,,,,
大理大学,云南,第104组,528,17758,,,,,,,,,,,,,,,
怀化学院,湖南,第101组,528,17776,,,,,,,,,,,,,,,
湖南文理学院,湖南,第101组,528,17788,,,,,,,,,,,,,,,
内江师范学院,四川,第101组,528,17790,,,,,,,,,,,,,,,
信阳师范大学,河南,第101组,528,17844,,,,,,,,,,,,,,,
河北地质大学,河北,第101组,528,17847,,,,,,,,,,,,,,,
宿迁学院,江苏,第101组,528,17883,,,,,,,,,,,,,,,
遵义医科大学,贵州,第101组,528,17885,,,,,,,,,,,,,,,
福建商学院,福建,第101组,528,17891,,,,,,,,,,,,,,,
太原师范学院,山西,第103组,528,17954,,,,,,,,,,,,,,,
福建师范大学,福建,第102组,528,17962,,,,,,,,,,,,,,,
豫章师范学院,江西,第102组,528,17990,,,,,,,,,,,,,,,
内蒙古财经大学,内蒙古,第101组,528,18009,,,,,,,,,,,,,,,
南阳师范学院,河南,第102组,528,18063,,,,,,,,,,,,,,,
韩山师范学院,广东,第101组,528,18083,,,,,,,,,,,,,,,
湖北工程学院,湖北,第101组,527,18121,,,,,,,,,,,,,,,
山西中医药大学,山西,第102组,527,18240,,,,,,,,,,,,,,,
哈尔滨商业大学,黑龙江,第101组,527,18247,,,,,,,,,,,,,,,
武汉体育学院,湖北,第102组,527,18274,,,,,,,,,,,,,,,
渭南师范学院,陕西,第101组,527,18276,,,,,,,,,,,,,,,
南阳师范学院,河南,第101组,527,18376,,,,,,,,,,,,,,,
潍坊学院,山东,第101组,527,18386,,,,,,,,,,,,,,,
安庆师范大学,安徽,第101组,527,18388,,,,,,,,,,,,,,,
中南财经政法大学,湖北,第103组,527,18393,,,,,,,,,,,,,,,
防灾科技学院,河北,第101组,527,18415,,,,,,,,,,,,,,,
景德镇陶瓷大学,江西,第101组,527,18451,,,,,,,,,,,,,,,
北方民族大学,宁夏,第101组,527,18461,,,,,,,,,,,,,,,
西安文理学院,陕西,第103组,527,18472,,,,,,,,,,,,,,,
天津城建大学,天津,第101组,527,18497,,,,,,,,,,,,,,,
广西警察学院,广西,第101组,527,18512,,,,,,,,,,,,,,,
北部湾大学,广西,第101组,527,18516,,,,,,,,,,,,,,,
沈阳师范大学,辽宁,第101组,526,18591,,,,,,,,,,,,,,,
衢州学院,浙江,第101组,526,18618,,,,,,,,,,,,,,,
淮阴工学院,江苏,第101组,526,18633,,,,,,,,,,,,,,,
内蒙古民族大学,内蒙古,第102组,526,18640,,,,,,,,,,,,,,,
青海民族大学,青海,第101组,526,18672,,,,,,,,,,,,,,,
韶关学院,广东,第103组,526,18744,,,,,,,,,,,,,,,
西北民族大学,甘肃,第104组,526,18767,,,,,,,,,,,,,,,
河南财政金融学院,河南,第101组,526,18779,,,,,,,,,,,,,,,
山西大学,山西,第103组,526,18909,,,,,,,,,,,,,,,
广西民族大学,广西,第103组,526,18971,,,,,,,,,,,,,,,
长春大学,吉林,第102组,525,19023,,,,,,,,,,,,,,,
重庆师范大学,重庆,第102组,525,19084,,,,,,,,,,,,,,,
佳木斯大学,黑龙江,第101组,525,19139,,,,,,,,,,,,,,,
齐齐哈尔大学,黑龙江,第102组,525,19168,,,,,,,,,,,,,,,
韶关学院,广东,第105组,525,19192,,,,,,,,,,,,,,,
遵义师范学院,贵州,第101组,525,19200,,,,,,,,,,,,,,,
嘉应学院,广东,第102组,525,19213,,,,,,,,,,,,,,,
太原师范学院,山西,第104组,525,19260,,,,,,,,,,,,,,,
桂林理工大学,广西,第101组,525,19284,,,,,,,,,,,,,,,
长春大学,吉林,第101组,525,19311,,,,,,,,,,,,,,,
湖南医药学院,湖南,第101组,525,19314,,,,,,,,,,,,,,,
重庆科技大学,重庆,第101组,525,19341,,,,,,,,,,,,,,,
江西中医药大学,江西,第101组,525,19359,,,,,,,,,,,,,,,
郑州航空工业管理学院,河南,第101组,525,19367,,,,,,,,,,,,,,,
长沙学院,湖南,第102组,525,19373,,,,,,,,,,,,,,,
绵阳师范学院,湖南,第101组,525,19399,,,,,,,,,,,,,,,
湖北理工学院,湖北,第101组,524,19503,,,,,,,,,,,,,,,
保定学院,河北,第104组,524,19546,,,,,,,,,,,,,,,
太原科技大学,山西,第101组,524,19577,,,,,,,,,,,,,,,
南京特殊教育师范学院,江苏,第101组,524,19581,,,,,,,,,,,,,,,
汉江师范学院,湖北,第101组,524,19610,,,,,,,,,,,,,,,
湖南工程学院,湖南,第101组,524,19641,,,,,,,,,,,,,,,
廊坊师范学院,河北,第101组,524,19662,,,,,,,,,,,,,,,
云南农业大学,云南,第102组,524,19811,,,,,,,,,,,,,,,
重庆邮电大学,重庆,第101组,524,19827,,,,,,,,,,,,,,,
三明学院,福建,第101组,523,19843,,,,,,,,,,,,,,,
青海师范大学,青海,第101组,523,19861,,,,,,,,,,,,,,,
商丘师范学院,河南,第103组,523,19873,,,,,,,,,,,,,,,
滁州学院,安徽,第101组,523,19909,,,,,,,,,,,,,,,
贵州师范学院,贵州,第101组,523,19935,,,,,,,,,,,,,,,
上饶师范学院,江西,第103组,523,19938,,,,,,,,,,,,,,,
保定学院,河北,第103组,523,19990,,,,,,,,,,,,,,,
保定学院,河北,第102组,523,20008,,,,,,,,,,,,,,,
山东第一医科大学,山东,第101组,523,20035,,,,,,,,,,,,,,,
琼台师范学院,海南,第103组,523,20105,,,,,,,,,,,,,,,
福建技术师范学院,福建,第101组,523,20173,,,,,,,,,,,,,,,
湖州学院,浙江,第101组,523,20187,,,,,,,,,,,,,,,
怀化学院,湖南,第102组,523,20219,,,,,,,,,,,,,,,
天津体育学院,天津,第101组,522,20279,,,,,,,,,,,,,,,
新疆财经大学,新疆,第102组,522,20289,,,,,,,,,,,,,,,
咸阳师范学院,陕西,第102组,522,20350,,,,,,,,,,,,,,,
玉溪师范学院,云南,第101组,522,20388,,,,,,,,,,,,,,,
韶关学院,广东,第104组,522,20420,,,,,,,,,,,,,,,
青海民族大学,青海,第102组,522,20423,,,,,,,,,,,,,,,
贵州民族大学,贵州,第102组,522,20642,,,,,,,,,,,,,,,
湖北科技学院,湖北,第101组,521,20748,,,,,,,,,,,,,,,
南京工业职业技术大学,江苏,第101组,521,20773,,,,,,,,,,,,,,,
玉林师范学院,广西,第101组,521,20787,,,,,,,,,,,,,,,
长春师范大学,吉林,第101组,521,20803,,,,,,,,,,,,,,,
昆明学院,云南,第102组,521,20818,,,,,,,,,,,,,,,
豫章师范学院,江西,第101组,521,20838,,,,,,,,,,,,,,,
江西科技师范大学,江西,第109组,521,20843,,,,,,,,,,,,,,,
丽水学院,浙江,第102组,521,20902,,,,,,,,,,,,,,,
山东青年政治学院,山东,第101组,521,20979,,,,,,,,,,,,,,,
沈阳大学,辽宁,第101组,521,21021,,,,,,,,,,,,,,,
山东航空学院,山东,第101组,521,21038,,,,,,,,,,,,,,,
滨州医学院,山东,第101组,521,21087,,,,,,,,,,,,,,,
吕梁学院,山西,第101组,521,21099,,,,,,,,,,,,,,,
华北科技学院,河北,第101组,521,21144,,,,,,,,,,,,,,,
赣南医科大学,江西,第101组,521,21153,,,,,,,,,,,,,,,
新疆财经大学,新疆,第101组,521,21166,,,,,,,,,,,,,,,
龙岩学院,福建,第101组,520,21240,,,,,,,,,,,,,,,
上饶师范学院,江西,第104组,520,21251,,,,,,,,,,,,,,,
渭南师范学院,陕西,第103组,520,21275,,,,,,,,,,,,,,,
山东艺术学院,山东,第101组,520,21331,,,,,,,,,,,,,,,
河南科技学院,河南,第101组,520,21349,,,,,,,,,,,,,,,
合肥大学,安徽,第102组,520,21416,,,,,,,,,,,,,,,
太原师范学院,山西,第102组,520,21502,,,,,,,,,,,,,,,
西安文理学院,陕西,第102组,520,21581,,,,,,,,,,,,,,,
中国民用航空飞行学院,四川,第101组,519,21616,,,,,,,,,,,,,,,
长春工业大学,吉林,第101组,519,21634,,,,,,,,,,,,,,,
宜春学院,江西,第103组,519,21663,,,,,,,,,,,,,,,
韩山师范学院,广东,第102组,519,21722,,,,,,,,,,,,,,,
四川旅游学院,四川,第103组,519,21787,,,,,,,,,,,,,,,
广西科技师范学院,广西,第102组,519,21887,,,,,,,,,,,,,,,
辽宁师范大学,辽宁,第102组,519,21929,,,,,,,,,,,,,,,
保定学院,河北,第101组,519,21945,,,,,,,,,,,,,,,
成都工业学院,四川,第101组,519,21997,,,,,,,,,,,,,,,
山西医科大学,山西,第103组,519,22018,,,,,,,,,,,,,,,
洛阳师范学院,河南,第102组,518,22073,,,,,,,,,,,,,,,
邵阳学院,湖南,第101组,518,22146,,,,,,,,,,,,,,,
乐山师范学院,四川,第102组,518,22149,,,,,,,,,,,,,,,
山东管理学院,山东,第101组,518,22290,,,,,,,,,,,,,,,
山东交通学院,山东,第101组,518,22441,,,,,,,,,,,,,,,
新疆警察学院,新疆,第101组,518,22463,,,,,,,,,,,,,,,
武汉商学院,湖北,第102组,517,22605,,,,,,,,,,,,,,,
韶关学院,广东,第101组,517,22637,,,,,,,,,,,,,,,
山西大同大学,山西,第101组,517,22643,,,,,,,,,,,,,,,
内蒙古民族大学,内蒙古,第103组,517,22722,,,,,,,,,,,,,,,
宜春学院,江西,第104组,517,22734,,,,,,,,,,,,,,,
平顶山学院,河南,第101组,517,22738,,,,,,,,,,,,,,,
湖南女子学院,湖南,第101组,517,22833,,,,,,,,,,,,,,,
沧州师范学院,河北,第101组,517,22936,,,,,,,,,,,,,,,
海南热带海洋学院,海南,第104组,517,22991,,,,,,,,,,,,,,,
河北金融学院,河北,第101组,516,23051,,,,,,,,,,,,,,,
辽宁中医药大学,辽宁,第101组,516,23084,,,,,,,,,,,,,,,
湖北医药学院,湖北,第101组,516,23126,,,,,,,,,,,,,,,
韶关学院,广东,第107组,516,23142,,,,,,,,,,,,,,,
湖北中医药大学,湖北,第102组,516,23152,,,,,,,,,,,,,,,
内蒙古科技大学,内蒙古,第101组,516,23215,,,,,,,,,,,,,,,
陇东学院,甘肃,第101组,516,23282,,,,,,,,,,,,,,,
黑龙江八一农垦大学,黑龙江,第101组,516,23293,,,,,,,,,,,,,,,
宝鸡文理学院,陕西,第101组,516,23304,,,,,,,,,,,,,,,
西北民族大学,甘肃,第103组,516,23360,,,,,,,,,,,,,,,
滇西应用技术大学,云南,第101组,516,23376,,,,,,,,,,,,,,,
玉林师范学院,广西,第102组,516,23412,,,,,,,,,,,,,,,
滇西应用技术大学,云南,第103组,516,23468,,,,,,,,,,,,,,,
南昌师范学院,江西,第101组,515,23520,,,,,,,,,,,,,,,
陕西学前师范学院,陕西,第103组,515,23533,,,,,,,,,,,,,,,
忻州师范学院,山西,第102组,515,23568,,,,,,,,,,,,,,,
嘉应学院,广东,第101组,515,23611,,,,,,,,,,,,,,,
四川旅游学院,四川,第104组,515,23623,,,,,,,,,,,,,,,
南昌工程学院,江西,第102组,515,23646,,,,,,,,,,,,,,,
陕西学前师范学院,陕西,第102组,515,23647,,,,,,,,,,,,,,,
湖南城市学院,湖南,第101组,515,23717,,,,,,,,,,,,,,,
沈阳师范大学,辽宁,第102组,515,23820,,,,,,,,,,,,,,,
洛阳理工学院,河南,第101组,515,23936,,,,,,,,,,,,,,,
渭南师范学院,陕西,第104组,515,23981,,,,,,,,,,,,,,,
河南工程学院,河南,第101组,514,23993,,,,,,,,,,,,,,,
上饶师范学院,江西,第101组,514,24083,,,,,,,,,,,,,,,
曲靖师范学院,云南,第101组,514,24093,,,,,,,,,,,,,,,
北华航天工业学院,河北,第101组,514,24163,,,,,,,,,,,,,,,
商丘师范学院,河南,第101组,514,24237,,,,,,,,,,,,,,,
山西大同大学,山西,第103组,514,24279,,,,,,,,,,,,,,,
琼台师范学院,海南,第101组,514,24317,,,,,,,,,,,,,,,
哈尔滨学院,黑龙江,第103组,514,24324,,,,,,,,,,,,,,,
安顺学院,贵州,第102组,514,24339,,,,,,,,,,,,,,,
西安文理学院,陕西,第101组,514,24361,,,,,,,,,,,,,,,
南阳理工学院,河南,第103组,514,24386,,,,,,,,,,,,,,,
内蒙古师范大学,内蒙古,第101组,514,24409,,,,,,,,,,,,,,,
榆林学院,陕西,第101组,514,24458,,,,,,,,,,,,,,,
忻州师范学院,山西,第103组,514,24469,,,,,,,,,,,,,,,
乐山师范学院,四川,第101组,513,24514,,,,,,,,,,,,,,,
普洱学院,云南,第101组,513,24556,,,,,,,,,,,,,,,
武夷学院,福建,第101组,513,24608,,,,,,,,,,,,,,,
哈尔滨学院,黑龙江,第101组,513,24662,,,,,,,,,,,,,,,
湖南人文科技学院,湖南,第101组,513,24687,,,,,,,,,,,,,,,
广西科技师范学院,广西,第101组,513,24703,,,,,,,,,,,,,,,
南阳理工学院,河南,第101组,513,24750,,,,,,,,,,,,,,,
西安医学院,陕西,第102组,513,24754,,,,,,,,,,,,,,,
淮阴师范学院,江苏,第101组,513,24766,,,,,,,,,,,,,,,
宜春学院,江西,第101组,513,24800,,,,,,,,,,,,,,,
广西财经学院,广西,第102组,513,24867,,,,,,,,,,,,,,,
晋中学院,山西,第101组,512,24958,,,,,,,,,,,,,,,
渭南师范学院,陕西,第108组,512,25080,,,,,,,,,,,,,,,
海南热带海洋学院,海南,第101组,512,25120,,,,,,,,,,,,,,,
民政职业大学,北京,第101组,512,25128,,,,,,,,,,,,,,,
池州学院,安徽,第102组,512,25165,,,,,,,,,,,,,,,
萍乡学院,江西,第103组,512,25296,,,,,,,,,,,,,,,
九江学院,江西,第101组,512,25312,,,,,,,,,,,,,,,
内蒙古科技大学,内蒙古,第102组,512,25318,,,,,,,,,,,,,,,
赣南科技学院,江西,第101组,512,25340,,,,,,,,,,,,,,,
四川文理学院,四川,第101组,512,25359,,,,,,,,,,,,,,,
浙江万里学院,浙江,第101组,512,25395,,,,,,,,,,,,,,,
六盘水师范学院,贵州,第103组,511,25407,,,,,,,,,,,,,,,
浙江药科职业大学,浙江,第101组,511,25465,,,,,,,,,,,,,,,
菏泽学院,山东,第101组,511,25479,,,,,,,,,,,,,,,
哈尔滨学院,黑龙江,第102组,511,25488,,,,,,,,,,,,,,,
平顶山学院,河南,第102组,511,25495,,,,,,,,,,,,,,,
咸阳师范学院,陕西,第104组,511,25527,,,,,,,,,,,,,,,
长治学院,山西,第102组,511,25538,,,,,,,,,,,,,,,
九江学院,江西,第103组,511,25573,,,,,,,,,,,,,,,
忻州师范学院,山西,第101组,511,25637,,,,,,,,,,,,,,,
合肥师范学院,安徽,第101组,511,25667,,,,,,,,,,,,,,,
咸阳师范学院,陕西,第101组,511,25705,,,,,,,,,,,,,,,
成都文理学院,四川,第101组,511,25717,,,,,,,,,,,,,,,
长治学院,山西,第101组,511,25758,,,,,,,,,,,,,,,
山西工程科技职业大学,山西,第101组,511,25769,,,,,,,,,,,,,,,
安顺学院,贵州,第101组,511,25779,,,,,,,,,,,,,,,
河池学院,广西,"第102组(汉语言 文
学 )",511,25805,,,,,,,,,,,,,,,
赣东学院,江西,第101组,511,25827,,,,,,,,,,,,,,,
安康学院,陕西,第102组,511,25835,,,,,,,,,,,,,,,
晋中学院,山西,第102组,511,25843,,,,,,,,,,,,,,,
赣南师范大学,江西,第108组,510,25976,,,,,,,,,,,,,,,
淮南师范学院,安徽,第101组,510,26001,,,,,,,,,,,,,,,
湖北汽车工业学院,湖北,第101组,510,26024,,,,,,,,,,,,,,,
武汉体育学院,湖北,第101组,510,26063,,,,,,,,,,,,,,,
河北金融学院,河北,第102组,510,26125,,,,,,,,,,,,,,,
川北医学院,四川,第101组,510,26129,,,,,,,,,,,,,,,
景德镇学院,江西,第103组,510,26168,,,,,,,,,,,,,,,
攀枝花学院,四川,第101组,510,26183,,,,,,,,,,,,,,,
天水师范学院,甘肃,第101组,510,26214,,,,,,,,,,,,,,,
池州学院,安徽,第101组,510,26246,,,,,,,,,,,,,,,
内蒙古科技大学包头师范学院,内蒙古,第102组,510,26247,,,,,,,,,,,,,,,
南阳理工学院,河南,第102组,510,26271,,,,,,,,,,,,,,,
内蒙古科技大学包头师范学院,内蒙古,第103组,510,26309,,,,,,,,,,,,,,,
内蒙古科技大学包头师范学院,内蒙古,第101组,510,26343,,,,,,,,,,,,,,,
天水师范学院,甘肃,第103组,510,26424,,,,,,,,,,,,,,,
陕西学前师范学院,陕西,第101组,509,26619,,,,,,,,,,,,,,,
吉林师范大学,吉林,第102组,509,26660,,,,,,,,,,,,,,,
运城学院,山西,第102组,509,26666,,,,,,,,,,,,,,,
新余学院,江西,第101组,509,26713,,,,,,,,,,,,,,,
梧州学院,广西,第101组,509,26718,,,,,,,,,,,,,,,
普洱学院,云南,第102组,509,26773,,,,,,,,,,,,,,,
商洛学院,陕西,第102组,509,26782,,,,,,,,,,,,,,,
荆楚理工学院,湖北,第101组,509,26825,,,,,,,,,,,,,,,
许昌学院,河南,第102组,509,26831,,,,,,,,,,,,,,,
南京理工大学紫金学院,江苏,第101组,509,26920,,,,,,,,,,,,,,,
上海杉达学院,上海,第102组,508,26948,,,,,,,,,,,,,,,
天水师范学院,甘肃,第102组,508,27004,,,,,,,,,,,,,,,
渭南师范学院,陕西,第102组,508,27012,,,,,,,,,,,,,,,
百色学院,广西,第103组,508,27027,,,,,,,,,,,,,,,
红河学院,云南,第102组,508,27041,,,,,,,,,,,,,,,
桂林医学院,广西,第101组,508,27084,,,,,,,,,,,,,,,
湖南科技学院,湖南,第101组,508,27107,,,,,,,,,,,,,,,
哈尔滨金融学院,黑龙江,第101组,508,27146,,,,,,,,,,,,,,,
新乡学院,河南,第102组,508,27175,,,,,,,,,,,,,,,
商洛学院,陕西,第101组,508,27187,,,,,,,,,,,,,,,
通化师范学院,吉林,第103组,508,27188,,,,,,,,,,,,,,,
齐齐哈尔大学,黑龙江,第101组,508,27200,,,,,,,,,,,,,,,
贵州商学院,贵州,第101组,508,27237,,,,,,,,,,,,,,,
六盘水师范学院,贵州,第101组,508,27317,,,,,,,,,,,,,,,
百色学院,广西,第101组,508,27343,,,,,,,,,,,,,,,
南昌医学院,江西,"第101组(健康管理
类 )",508,27349,,,,,,,,,,,,,,,
昭通学院,云南,第102组,508,27403,,,,,,,,,,,,,,,
重庆财经学院,重庆,第101组,507,27623,,,,,,,,,,,,,,,
桂林航天工业学院,广西,第101组,507,27627,,,,,,,,,,,,,,,
周口师范学院,河南,第101组,507,27632,,,,,,,,,,,,,,,
新乡学院,河南,第101组,507,27672,,,,,,,,,,,,,,,
集美大学诚毅学院,福建,第101组,507,27674,,,,,,,,,,,,,,,
景德镇学院,江西,第101组,507,27677,,,,,,,,,,,,,,,
唐山师范学院,河北,第101组,507,27692,,,,,,,,,,,,,,,
赣南医科大学,江西,第103组,507,27835,,,,,,,,,,,,,,,
陇东学院,甘肃,第102组,507,27839,,,,,,,,,,,,,,,
安康学院,陕西,第101组,507,27863,,,,,,,,,,,,,,,
黄淮学院,河南,第101组,507,27865,,,,,,,,,,,,,,,
大庆师范学院,黑龙江,第101组,507,27879,,,,,,,,,,,,,,,
萍乡学院,江西,第101组,507,27886,,,,,,,,,,,,,,,
郑州工程技术学院,河南,第101组,507,27903,,,,,,,,,,,,,,,
兰州城市学院,甘肃,第101组,507,27913,,,,,,,,,,,,,,,
百色学院,广西,第102组,507,27917,,,,,,,,,,,,,,,
红河学院,云南,第101组,507,27922,,,,,,,,,,,,,,,
黑龙江工程学院,黑龙江,第101组,507,27926,,,,,,,,,,,,,,,
安阳工学院,河南,第101组,506,27966,,,,,,,,,,,,,,,
琼台师范学院,海南,第102组,506,27980,,,,,,,,,,,,,,,
吕梁学院,山西,第103组,506,28011,,,,,,,,,,,,,,,
邯郸学院,河北,第102组,506,28074,,,,,,,,,,,,,,,
运城学院,山西,第101组,506,28090,,,,,,,,,,,,,,,
西安医学院,陕西,第101组,506,28108,,,,,,,,,,,,,,,
太原工业学院,山西,第101组,506,28121,,,,,,,,,,,,,,,
广州商学院,广东,第101组,506,28139,,,,,,,,,,,,,,,
贺州学院,广西,第101组,506,28162,,,,,,,,,,,,,,,
河南牧业经济学院,河南,第101组,506,28164,,,,,,,,,,,,,,,
河池学院,广西,第101组,506,28180,,,,,,,,,,,,,,,
兰州石化职业技术大学,甘肃,第101组,506,28209,,,,,,,,,,,,,,,
白城师范学院,吉林,第102组,506,28221,,,,,,,,,,,,,,,
辽东学院,辽宁,第101组,506,28240,,,,,,,,,,,,,,,
香港珠海学院,香港,第101组,506,28282,,,,,,,,,,,,,,,
塔里木大学,新疆,第101组,506,28283,,,,,,,,,,,,,,,
陇东学院,甘肃,第103组,506,28325,,,,,,,,,,,,,,,
牡丹江师范学院,黑龙江,第101组,506,28330,,,,,,,,,,,,,,,
重庆第二师范学院,重庆,第103组,506,28331,,,,,,,,,,,,,,,
河北环境工程学院,河北,第101组,506,28350,,,,,,,,,,,,,,,
楚雄师范学院,云南,第101组,506,28397,,,,,,,,,,,,,,,
广西民族师范学院,广西,第101组,506,28433,,,,,,,,,,,,,,,
楚雄师范学院,云南,第102组,506,28437,,,,,,,,,,,,,,,
通化师范学院,吉林,第102组,506,28462,,,,,,,,,,,,,,,
兰州城市学院,甘肃,第102组,506,28479,,,,,,,,,,,,,,,
景德镇学院,江西,第102组,506,28481,,,,,,,,,,,,,,,
厦门大学嘉庚学院,福建,第102组,506,28482,,,,,,,,,,,,,,,
兰州文理学院,甘肃,第101组,506,28485,,,,,,,,,,,,,,,
鞍山师范学院,辽宁,第101组,506,28494,,,,,,,,,,,,,,,
商洛学院,陕西,第103组,506,28506,,,,,,,,,,,,,,,
喀什大学,新疆,第103组,505,28555,,,,,,,,,,,,,,,
长沙理工大学城南学院,湖南,第101组,505,28563,,,,,,,,,,,,,,,
兴义民族师范学院,贵州,第101组,505,28565,,,,,,,,,,,,,,,
西昌学院,四川,第101组,505,28610,,,,,,,,,,,,,,,
白城师范学院,吉林,第101组,505,28620,,,,,,,,,,,,,,,
重庆人文科技学院,重庆,第101组,505,28624,,,,,,,,,,,,,,,
喀什大学,新疆,第101组,505,28671,,,,,,,,,,,,,,,
内蒙古民族大学,内蒙古,第101组,505,28709,,,,,,,,,,,,,,,
河西学院,甘肃,第101组,505,28711,,,,,,,,,,,,,,,
新疆政法学院,新疆,第101组,505,28718,,,,,,,,,,,,,,,
安阳工学院,河南,第102组,505,28720,,,,,,,,,,,,,,,
湖南科技大学潇湘学院,湖南,第101组,505,28734,,,,,,,,,,,,,,,
山西大同大学,山西,第102组,505,28751,,,,,,,,,,,,,,,
吉林工商学院,吉林,第101组,505,28753,,,,,,,,,,,,,,,
昌吉学院,新疆,第101组,505,28756,,,,,,,,,,,,,,,
通化师范学院,吉林,第101组,505,28766,,,,,,,,,,,,,,,
吉林医药学院,吉林,第101组,505,28774,,,,,,,,,,,,,,,
新余学院,江西,第102组,505,28802,,,,,,,,,,,,,,,
通化师范学院,吉林,第104组,505,28810,,,,,,,,,,,,,,,
上饶师范学院,江西,第102组,505,28816,,,,,,,,,,,,,,,
莆田学院,福建,第101组,505,28875,,,,,,,,,,,,,,,
广西农业职业技术大学,广西,第101组,505,28915,,,,,,,,,,,,,,,
喀什大学,新疆,第102组,505,28921,,,,,,,,,,,,,,,
文山学院,云南,第101组,505,28950,,,,,,,,,,,,,,,
塔里木大学,新疆,第102组,505,28952,,,,,,,,,,,,,,,
吉林工程技术师范学院,吉林,第101组,505,28980,,,,,,,,,,,,,,,
山西传媒学院,山西,第101组,505,28983,,,,,,,,,,,,,,,
铜陵学院,安徽,第101组,505,28989,,,,,,,,,,,,,,,
北京中医药大学东方学院,河北,第102组,505,28990,,,,,,,,,,,,,,,
白城师范学院,吉林,第103组,504,29054,,,,,,,,,,,,,,,
河北科技工程职业技术大学,河北,第101组,504,29080,,,,,,,,,,,,,,,
西安航空学院,陕西,第101组,504,29135,,,,,,,,,,,,,,,
兰州城市学院,甘肃,第103组,504,29140,,,,,,,,,,,,,,,
喀什大学,新疆,第104组,504,29164,,,,,,,,,,,,,,,
伊犁师范大学,新疆,第101组,504,29165,,,,,,,,,,,,,,,
安徽艺术学院,安徽,第101组,504,29168,,,,,,,,,,,,,,,
绥化学院,黑龙江,第102组,504,29186,,,,,,,,,,,,,,,
绥化学院,黑龙江,第101组,504,29198,,,,,,,,,,,,,,,
衡水学院,河北,第101组,504,29218,,,,,,,,,,,,,,,
伊犁师范大学,新疆,第102组,504,29231,,,,,,,,,,,,,,,
新疆科技学院,新疆,第103组,504,29246,,,,,,,,,,,,,,,
黑河学院,黑龙江,第101组,504,29265,,,,,,,,,,,,,,,
吉林医药学院,吉林,第102组,504,29267,,,,,,,,,,,,,,,
集宁师范学院,内蒙古,第102组,504,29318,,,,,,,,,,,,,,,
昭通学院,云南,第101组,504,29350,,,,,,,,,,,,,,,
重庆人文科技学院,重庆,第103组,504,29378,,,,,,,,,,,,,,,
新疆师范大学,新疆,第101组,504,29395,,,,,,,,,,,,,,,
黑龙江工业学院,黑龙江,第101组,504,29398,,,,,,,,,,,,,,,
东南大学成贤学院,江苏,第101组,504,29402,,,,,,,,,,,,,,,
江西中医药大学,江西,第102组,504,29437,,,,,,,,,,,,,,,
武汉学院,湖北,第101组,504,29490,,,,,,,,,,,,,,,
湖南文理学院芙蓉学院,湖南,第101组,504,29497,,,,,,,,,,,,,,,
鞍山师范学院,辽宁,第102组,503,29561,,,,,,,,,,,,,,,
赣南医科大学,江西,第102组,503,29573,,,,,,,,,,,,,,,
新疆农业大学,新疆,第101组,503,29574,,,,,,,,,,,,,,,
吉林农业科技学院,吉林,第101组,503,29580,,,,,,,,,,,,,,,
辽东学院,辽宁,第102组,503,29587,,,,,,,,,,,,,,,
厦门大学嘉庚学院,福建,第101组,503,29643,,,,,,,,,,,,,,,
黑龙江中医药大学,黑龙江,第101组,503,29668,,,,,,,,,,,,,,,
南昌医学院,江西,第102组(护理类),503,29683,,,,,,,,,,,,,,,
吉林师范大学,吉林,第104组,503,29712,,,,,,,,,,,,,,,
赤峰学院,内蒙古,第101组,503,29730,,,,,,,,,,,,,,,
宜春学院,江西,第102组,503,29749,,,,,,,,,,,,,,,
昌吉学院,新疆,第102组,503,29763,,,,,,,,,,,,,,,
吉林师范大学,吉林,第103组,503,29765,,,,,,,,,,,,,,,
呼伦贝尔学院,内蒙古,第101组,503,29791,,,,,,,,,,,,,,,
衡阳师范学院南岳学院,湖南,第101组,503,29804,,,,,,,,,,,,,,,
南京医科大学康达学院,江苏,第101组,503,29808,,,,,,,,,,,,,,,
大庆师范学院,黑龙江,第102组,503,29869,,,,,,,,,,,,,,,
新疆政法学院,新疆,第103组,503,29872,,,,,,,,,,,,,,,
河套学院,内蒙古,第101组,503,29879,,,,,,,,,,,,,,,
邯郸学院,河北,第101组,503,29960,,,,,,,,,,,,,,,
西藏农牧学院,西藏,第101组,503,30015,,,,,,,,,,,,,,,
南京审计大学金审学院,江苏,第101组,502,30062,,,,,,,,,,,,,,,
重庆人文科技学院,重庆,第102组,502,30078,,,,,,,,,,,,,,,
滇西应用技术大学,云南,第102组,502,30091,,,,,,,,,,,,,,,
凯里学院,贵州,第101组,502,30100,,,,,,,,,,,,,,,
黄山学院,安徽,第101组,502,30146,,,,,,,,,,,,,,,
集宁师范学院,内蒙古,第101组,502,30150,,,,,,,,,,,,,,,
齐齐哈尔医学院,黑龙江,第101组,502,30190,,,,,,,,,,,,,,,
九江学院,江西,第102组,502,30199,,,,,,,,,,,,,,,
南京师范大学中北学院,江苏,第101组,502,30233,,,,,,,,,,,,,,,
信阳学院,河南,第101组,502,30248,,,,,,,,,,,,,,,
呼伦贝尔学院,内蒙古,第102组,502,30317,,,,,,,,,,,,,,,
长江大学文理学院,湖北,第103组,502,30373,,,,,,,,,,,,,,,
石家庄铁道大学四方学院,河北,第101组,502,30407,,,,,,,,,,,,,,,
渭南师范学院,陕西,第105组,502,30466,,,,,,,,,,,,,,,
齐鲁医药学院,山东,第101组,502,30491,,,,,,,,,,,,,,,
新疆科技学院,新疆,第101组,502,30542,,,,,,,,,,,,,,,
郑州财经学院,河南,第101组,502,30546,,,,,,,,,,,,,,,
南华大学船山学院,湖南,第101组,501,30603,,,,,,,,,,,,,,,
武汉文理学院,湖北,第101组,501,30615,,,,,,,,,,,,,,,
昆明医科大学海源学院,云南,第101组,501,30707,,,,,,,,,,,,,,,
珠海科技学院,广东,第101组,501,30717,,,,,,,,,,,,,,,
长春大学,吉林,第103组,501,30734,,,,,,,,,,,,,,,
河北经贸大学经济管理学院,河北,第101组,501,30739,,,,,,,,,,,,,,,
湖北大学知行学院,湖北,第101组,501,30816,,,,,,,,,,,,,,,
湖北科技学院,湖北,第102组,501,30835,,,,,,,,,,,,,,,
吕梁学院,山西,第102组,501,30851,,,,,,,,,,,,,,,
江苏师范大学科文学院,江苏,第102组,501,30983,,,,,,,,,,,,,,,
右江民族医学院,广西,第101组,501,31074,,,,,,,,,,,,,,,
桂林旅游学院,广西,第101组,501,31127,,,,,,,,,,,,,,,
重庆工程学院,重庆,第101组,500,31181,,,,,,,,,,,,,,,
广西艺术学院,广西,第101组,500,31195,,,,,,,,,,,,,,,
周口师范学院,河南,第102组,500,31223,,,,,,,,,,,,,,,
湖北工程学院新技术学院,湖北,第101组,500,31331,,,,,,,,,,,,,,,
江西飞行学院,江西,第101组,500,31357,,,,,,,,,,,,,,,
西南财经大学天府学院,四川,第101组,500,31382,,,,,,,,,,,,,,,
广西职业师范学院,广西,第101组,500,31437,,,,,,,,,,,,,,,
浙江工商大学杭州商学院,浙江,第102组,500,31465,,,,,,,,,,,,,,,
沈阳医学院,辽宁,第101组,500,31471,,,,,,,,,,,,,,,
南京师范大学泰州学院,江苏,第101组,500,31549,,,,,,,,,,,,,,,
鄂尔多斯应用技术学院,内蒙古,第101组,500,31680,,,,,,,,,,,,,,,
南京医科大学康达学院,江苏,第102组,499,31774,,,,,,,,,,,,,,,
湖南农业大学东方科技学院,湖南,第101组,499,31817,,,,,,,,,,,,,,,
郑州工商学院,河南,第101组,499,31826,,,,,,,,,,,,,,,
云南艺术学院,云南,第101组,499,31941,,,,,,,,,,,,,,,
新疆农业大学,新疆,第102组,499,31954,,,,,,,,,,,,,,,
中南林业科技大学涉外学院,湖南,第101组,499,31967,,,,,,,,,,,,,,,
扬州大学广陵学院,江苏,第101组,499,31969,,,,,,,,,,,,,,,
新疆和田学院,新疆,第101组,499,31996,,,,,,,,,,,,,,,
浙江工业大学之江学院,浙江,第101组,499,32079,,,,,,,,,,,,,,,
太原学院,山西,第101组,499,32109,,,,,,,,,,,,,,,
中南林业科技大学涉外学院,湖南,第104组,499,32186,,,,,,,,,,,,,,,
滇池学院(原云南大学滇池学院),云南,第101组,498,32304,,,,,,,,,,,,,,,
新疆科技学院,新疆,第102组,498,32306,,,,,,,,,,,,,,,
赣南师范大学科技学院,江西,第101组,498,32387,,,,,,,,,,,,,,,
湖北第二师范学院,湖北,第102组,498,32399,,,,,,,,,,,,,,,
武汉工程大学邮电与信息工程学院,湖北,第101组,498,32435,,,,,,,,,,,,,,,
江苏师范大学科文学院,江苏,第101组,498,32444,,,,,,,,,,,,,,,
南昌大学(抚州医学院 ),江西,第101组,498,32571,,,,,,,,,,,,,,,
广州南方学院,广东,第101组,498,32617,,,,,,,,,,,,,,,
渭南师范学院,陕西,第106组,498,32631,,,,,,,,,,,,,,,
重庆文理学院,重庆,第101组,497,32865,,,,,,,,,,,,,,,
江苏师范大学科文学院,江苏,第104组,497,32869,,,,,,,,,,,,,,,
福州大学至诚学院,福建,第101组,497,32874,,,,,,,,,,,,,,,
四川工商学院,四川,第101组,497,32892,,,,,,,,,,,,,,,
新疆和田学院,新疆,第102组,497,32898,,,,,,,,,,,,,,,
南京航空航天大学金城学院,江苏,第102组,497,32899,,,,,,,,,,,,,,,
湖南理工学院南湖学院,湖南,第101组,497,32904,,,,,,,,,,,,,,,
西南财经大学天府学院,四川,"第102组(金融专业
组 )",497,32939,,,,,,,,,,,,,,,
江西师范大学科学技术学院,江西,第101组,497,32948,,,,,,,,,,,,,,,
福建师范大学协和学院,福建,第101组(综合类),497,33039,,,,,,,,,,,,,,,
上海财经大学浙江学院,浙江,第101组,497,33095,,,,,,,,,,,,,,,
阜阳理工学院,安徽,第101组,497,33102,,,,,,,,,,,,,,,
南昌大学科学技术学院,江西,第101组,497,33138,,,,,,,,,,,,,,,
江苏科技大学苏州理工学院,江苏,第101组,496,33305,,,,,,,,,,,,,,,
重庆对外经贸学院,重庆,第101组,496,33332,,,,,,,,,,,,,,,
滇池学院(原云南大学滇池学院),云南,第102组,496,33359,,,,,,,,,,,,,,,
三峡大学科技学院,湖北,第101组,496,33368,,,,,,,,,,,,,,,
武汉文理学院,湖北,第102组,496,33370,,,,,,,,,,,,,,,
山西应用科技学院,山西,第102组,496,33390,,,,,,,,,,,,,,,
中原科技学院,河南,第101组,496,33392,,,,,,,,,,,,,,,
湖南工业大学科技学院,湖南,第101组,496,33435,,,,,,,,,,,,,,,
江西财经大学现代经济管理学院,江西,第101组,496,33443,,,,,,,,,,,,,,,
重庆工程学院,重庆,第102组,496,33497,,,,,,,,,,,,,,,
湖南工程学院应用技术学院,湖南,第101组,496,33719,,,,,,,,,,,,,,,
海南热带海洋学院,海南,第103组,496,33730,,,,,,,,,,,,,,,
湖北师范大学文理学院,湖北,第101组,496,33749,,,,,,,,,,,,,,,
成都理工大学工程技术学院,四川,第101组,496,33797,,,,,,,,,,,,,,,
浙江师范大学行知学院,浙江,第101组,496,33801,,,,,,,,,,,,,,,
江西师范大学科学技术学院,江西,第102组,495,33849,,,,,,,,,,,,,,,
成都锦城学院,四川,第101组,495,33935,,,,,,,,,,,,,,,
福建师范大学协和学院,福建,第103组(外语类),495,33961,,,,,,,,,,,,,,,
伊犁师范大学,新疆,第103组,495,33999,,,,,,,,,,,,,,,
江苏大学京江学院,江苏,第101组,495,34071,,,,,,,,,,,,,,,
许昌学院,河南,第101组,495,34079,,,,,,,,,,,,,,,
广西艺术学院,广西,第102组,495,34087,,,,,,,,,,,,,,,
南京财经大学红山学院,江苏,第101组,495,34096,,,,,,,,,,,,,,,
天津仁爱学院,天津,第102组,495,34128,,,,,,,,,,,,,,,
渭南师范学院,陕西,第107组,495,34149,,,,,,,,,,,,,,,
荆楚理工学院,湖北,第102组,495,34225,,,,,,,,,,,,,,,
太原学院,山西,第102组,495,34268,,,,,,,,,,,,,,,
武昌首义学院,湖北,第101组,495,34293,,,,,,,,,,,,,,,
南昌大学共青学院,江西,第102组,495,34368,,,,,,,,,,,,,,,
郑州经贸学院,河南,第101组,494,34504,,,,,,,,,,,,,,,
南京工业大学浦江学院,江苏,第101组,494,34550,,,,,,,,,,,,,,,
北京科技大学天津学院,天津,第101组,494,34587,,,,,,,,,,,,,,,
武汉生物工程学院,湖北,第101组,494,34678,,,,,,,,,,,,,,,
四川大学锦江学院,四川,第101组,494,34723,,,,,,,,,,,,,,,
西南交通大学希望学院,四川,第101组,494,34733,,,,,,,,,,,,,,,
长江大学文理学院,湖北,第101组,494,34746,,,,,,,,,,,,,,,
福建师范大学协和学院,福建,第102组,494,34927,,,,,,,,,,,,,,,
聊城大学东昌学院,山东,第101组,494,34945,,,,,,,,,,,,,,,
宁波大学科学技术学院,浙江,第101组,494,34985,,,,,,,,,,,,,,,
中国矿业大学徐海学院,江苏,第101组,494,35005,,,,,,,,,,,,,,,
电子科技大学成都学院,四川,第101组,493,35023,,,,,,,,,,,,,,,
苏州大学应用技术学院,江苏,第101组,493,35052,,,,,,,,,,,,,,,
重庆工商大学派斯学院,重庆,第101组,493,35114,,,,,,,,,,,,,,,
辽宁中医药大学,辽宁,第102组,493,35143,,,,,,,,,,,,,,,
昆明医科大学海源学院,云南,第102组,493,35169,,,,,,,,,,,,,,,
文华学院,湖北,第101组,493,35189,,,,,,,,,,,,,,,
江苏大学京江学院,江苏,第102组,493,35209,,,,,,,,,,,,,,,
贵阳人文科技学院,贵州,第101组,493,35294,,,,,,,,,,,,,,,
海南师范大学,海南,第103组,493,35321,,,,,,,,,,,,,,,
中国计量大学现代科技学院,浙江,第101组,493,35334,,,,,,,,,,,,,,,
咸阳师范学院,陕西,第103组,493,35440,,,,,,,,,,,,,,,
浙江工商大学杭州商学院,浙江,第101组,493,35465,,,,,,,,,,,,,,,
武昌理工学院,湖北,第101组,493,35478,,,,,,,,,,,,,,,
西安思源学院,陕西,第102组,493,35545,,,,,,,,,,,,,,,
长春师范大学,吉林,第102组,492,35620,,,,,,,,,,,,,,,
武汉工商学院,湖北,第101组,492,35687,,,,,,,,,,,,,,,
郑州西亚斯学院,河南,第101组,492,35925,,,,,,,,,,,,,,,
湖北经济学院法商学院,湖北,第101组,492,36008,,,,,,,,,,,,,,,
天津医科大学临床医学院,天津,第101组,492,36018,,,,,,,,,,,,,,,
南京理工大学泰州科技学院,江苏,第101组,492,36023,,,,,,,,,,,,,,,
黄河科技学院,河南,第101组,492,36032,,,,,,,,,,,,,,,
贺州学院,广西,第102组,492,36054,,,,,,,,,,,,,,,
福建农林大学金山学院,福建,第101组,492,36063,,,,,,,,,,,,,,,
浙江财经大学东方学院,浙江,第101组,492,36101,,,,,,,,,,,,,,,
湖北恩施学院,湖北,第101组,491,36179,,,,,,,,,,,,,,,
荆州学院,湖北,第101组,491,36222,,,,,,,,,,,,,,,
郑州商学院,河南,第101组,491,36231,,,,,,,,,,,,,,,
南阳理工学院,河南,第104组,491,36284,,,,,,,,,,,,,,,
郑州工业应用技术学院,河南,第101组,491,36346,,,,,,,,,,,,,,,
山西应用科技学院,山西,第101组,491,36515,,,,,,,,,,,,,,,
南京工业大学浦江学院,江苏,第102组,491,36594,,,,,,,,,,,,,,,
四川传媒学院,四川,第102组,491,36653,,,,,,,,,,,,,,,
天津财经大学珠江学院,天津,第101组,490,36760,,,,,,,,,,,,,,,
吉林外国语大学,吉林,第103组,490,36804,,,,,,,,,,,,,,,
南京航空航天大学金城学院,江苏,第101组,490,36861,,,,,,,,,,,,,,,
天津师范大学,天津,第102组,490,36882,,,,,,,,,,,,,,,
江西农业大学南昌商学院,江西,第101组,490,36909,,,,,,,,,,,,,,,
武汉东湖学院,湖北,第101组,490,37123,,,,,,,,,,,,,,,
南昌航空大学科技学院,江西,第101组,490,37142,,,,,,,,,,,,,,,
无锡太湖学院,江苏,第101组,490,37155,,,,,,,,,,,,,,,
福州工商学院,福建,第101组,490,37227,,,,,,,,,,,,,,,
湘潭理工学院,湖南,第101组,489,37287,,,,,,,,,,,,,,,
南昌应用技术师范学院,江西,第102组,489,37512,,,,,,,,,,,,,,,
成都外国语学院,四川,第101组,489,37629,,,,,,,,,,,,,,,
江西财经大学现代经济管理学院,江西,第102组,489,37639,,,,,,,,,,,,,,,
湖北工业大学工程技术学院,湖北,第101组,489,37677,,,,,,,,,,,,,,,
天津理工大学中环信息学院,天津,第101组,489,37703,,,,,,,,,,,,,,,
昆明文理学院,云南,第101组,489,37762,,,,,,,,,,,,,,,
南通大学杏林学院,江苏,第101组,489,37766,,,,,,,,,,,,,,,
天津商业大学宝德学院,天津,第101组,488,37821,,,,,,,,,,,,,,,
重庆移通学院,重庆,第101组,488,37935,,,,,,,,,,,,,,,
桂林学院,广西,第101组,488,37975,,,,,,,,,,,,,,,
马鞍山学院,安徽,第101组,488,37993,,,,,,,,,,,,,,,
重庆对外经贸学院,重庆,第102组,488,37994,,,,,,,,,,,,,,,
四川文化艺术学院,四川,第101组,488,38013,,,,,,,,,,,,,,,
云南经济管理学院,云南,第101组,488,38039,,,,,,,,,,,,,,,
内蒙古大学创业学院,内蒙古,第101组,488,38055,,,,,,,,,,,,,,,
山西工商学院,山西,第101组,488,38083,,,,,,,,,,,,,,,
南昌应用技术师范学院,江西,第101组,488,38095,,,,,,,,,,,,,,,
武汉传媒学院,湖北,第101组,488,38146,,,,,,,,,,,,,,,
绵阳城市学院,四川,第101组,488,38162,,,,,,,,,,,,,,,
北京中医药大学东方学院,河北,第101组,488,38242,,,,,,,,,,,,,,,
黄河科技学院,河南,第102组,488,38253,,,,,,,,,,,,,,,
贵州黔南经济学院,贵州,第101组,488,38305,,,,,,,,,,,,,,,
天津外国语大学滨海外事学院,天津,第101组,488,38321,,,,,,,,,,,,,,,
广东外语外贸大学南国商学院,广东,第101组,487,38380,,,,,,,,,,,,,,,
武汉城市学院,湖北,第101组,487,38434,,,,,,,,,,,,,,,
昆明城市学院,云南,第101组,487,38440,,,,,,,,,,,,,,,
淮北理工学院,安徽,第101组,487,38477,,,,,,,,,,,,,,,
西安培华学院,陕西,第101组,487,38493,,,,,,,,,,,,,,,
南宁学院,广西,第101组,487,38507,,,,,,,,,,,,,,,
武汉晴川学院,湖北,第101组,487,38540,,,,,,,,,,,,,,,
闽南科技学院,福建,第101组,487,38556,,,,,,,,,,,,,,,
河北地质大学华信学院,河北,第101组,487,38564,,,,,,,,,,,,,,,
运城职业技术大学,山西,第101组,487,38586,,,,,,,,,,,,,,,
西北大学现代学院,陕西,第101组,487,38595,,,,,,,,,,,,,,,
西民族大学相思湖学院,四川,第101组,487,38683,,,,,,,,,,,,,,,
武汉体育学院体育科技学院,湖北,第101组,487,38768,,,,,,,,,,,,,,,
宁波财经学院,浙江,第101组,487,38777,,,,,,,,,,,,,,,
武汉华夏理工学院,湖北,第101组,487,38909,,,,,,,,,,,,,,,
湖北商贸学院,湖北,第101组,487,38928,,,,,,,,,,,,,,,
电子科技大学中山学院,广东,第101组,487,38943,,,,,,,,,,,,,,,
哈尔滨音乐学院,黑龙江,第101组,487,38948,,,,,,,,,,,,,,,
长江大学文理学院,湖北,第102组,486,39012,,,,,,,,,,,,,,,
新疆天山职业技术大学,新疆,第104组,486,39044,,,,,,,,,,,,,,,
重庆机电职业技术大学,重庆,第101组,486,39173,,,,,,,,,,,,,,,
云南师范大学,云南,第102组,486,39231,,,,,,,,,,,,,,,
成都东软学院,四川,第101组,486,39245,,,,,,,,,,,,,,,
重庆外语外事学院,重庆,第101组,486,39247,,,,,,,,,,,,,,,
三江学院,江苏,第101组,486,39253,,,,,,,,,,,,,,,
仰恩大学,福建,第101组,486,39320,,,,,,,,,,,,,,,
重庆移通学院,重庆,第102组,486,39378,,,,,,,,,,,,,,,
四川传媒学院,四川,第101组,486,39393,,,,,,,,,,,,,,,
常州大学怀德学院,江苏,第101组,486,39420,,,,,,,,,,,,,,,
昆明理工大学津桥学院,云南,第101组,486,39421,,,,,,,,,,,,,,,
宁夏理工学院,宁夏,第101组,486,39437,,,,,,,,,,,,,,,
烟台科技学院,山东,第101组,486,39473,,,,,,,,,,,,,,,
新疆天山职业技术大学,新疆,第105组,485,39484,,,,,,,,,,,,,,,
武昌工学院,湖北,第101组,485,39513,,,,,,,,,,,,,,,
苏州科技大学天平学院,江苏,第101组,485,39589,,,,,,,,,,,,,,,
西京学院,陕西,第101组,485,39609,,,,,,,,,,,,,,,
西安培华学院,陕西,第102组,485,39613,,,,,,,,,,,,,,,
西京学院,陕西,第102组,485,39615,,,,,,,,,,,,,,,
成都银杏酒店管理学院,四川,第101组,485,39649,,,,,,,,,,,,,,,
安徽新华学院,安徽,第101组,485,39660,,,,,,,,,,,,,,,
青岛工学院,山东,第101组,485,39664,,,,,,,,,,,,,,,
湛江科技学院,广东,第101组,485,39792,,,,,,,,,,,,,,,
青岛城市学院,山东,"第103组(会计与金
融 )",485,39805,,,,,,,,,,,,,,,
上海杉达学院,上海,第101组,485,39875,,,,,,,,,,,,,,,
广东白云学院,广东,第101组,485,39886,,,,,,,,,,,,,,,
新疆天山职业技术大学,新疆,第103组,485,39894,,,,,,,,,,,,,,,
河北地质大学华信学院,河北,第102组,485,39970,,,,,,,,,,,,,,,
江西工程学院,江西,第101组,485,39984,,,,,,,,,,,,,,,
厦门工学院,福建,第101组,485,39989,,,,,,,,,,,,,,,
山西晋中理工学院,山西,第101组,485,39990,,,,,,,,,,,,,,,
贵阳信息科技学院,贵州,第101组,485,40027,,,,,,,,,,,,,,,
河北传媒学院,河北,第101组,485,40094,,,,,,,,,,,,,,,
西安财经大学行知学院,陕西,第101组,484,40263,,,,,,,,,,,,,,,
武汉纺织大学外经贸学院,湖北,第102组,484,40333,,,,,,,,,,,,,,,
河北科技学院,河北,第101组,484,40361,,,,,,,,,,,,,,,
闽南理工学院,福建,第101组,484,40450,,,,,,,,,,,,,,,
广州理工学院,广东,第101组,484,40466,,,,,,,,,,,,,,,
云南工商学院,云南,第101组,484,40544,,,,,,,,,,,,,,,
南京传媒学院,江苏,第101组,484,40622,,,,,,,,,,,,,,,
广州华商学院,广东,第101组,484,40637,,,,,,,,,,,,,,,
上海师范大学天华学院,上海,第101组,484,40645,,,,,,,,,,,,,,,
新疆天山职业技术大学,新疆,第106组,484,40653,,,,,,,,,,,,,,,
渤海大学,辽宁,第102组,484,40704,,,,,,,,,,,,,,,
浙江树人学院,浙江,第101组,483,40832,,,,,,,,,,,,,,,
阳光学院,福建,第101组,483,41019,,,,,,,,,,,,,,,
内蒙古鸿德文理学院,内蒙古,第101组,483,41031,,,,,,,,,,,,,,,
昆明学院,云南,第101组,483,41061,,,,,,,,,,,,,,,
景德镇艺术职业大学,江西,第102组,483,41099,,,,,,,,,,,,,,,
南昌理工学院,江西,第101组,483,41109,,,,,,,,,,,,,,,
武汉工程科技学院,湖北,第101组,483,41153,,,,,,,,,,,,,,,
上海视觉艺术学院,上海,第102组,483,41196,,,,,,,,,,,,,,,
新疆天山职业技术大学,新疆,第102组,483,41200,,,,,,,,,,,,,,,
武汉体育学院体育科技学院,湖北,第102组,482,41443,,,,,,,,,,,,,,,
南昌理工学院,江西,第102组,482,41485,,,,,,,,,,,,,,,
辽宁师范大学海华学院,辽宁,第101组,482,41617,,,,,,,,,,,,,,,
广州软件学院,广东,第101组,482,41678,,,,,,,,,,,,,,,
河北外国语学院,河北,第101组,482,41792,,,,,,,,,,,,,,,
张家界学院,湖南,第101组,482,41857,,,,,,,,,,,,,,,
广州华立学院,广东,第101组,481,41888,,,,,,,,,,,,,,,
广州应用科技学院,广东,第101组,481,41960,,,,,,,,,,,,,,,
安徽外国语学院,安徽,第101组,481,41964,,,,,,,,,,,,,,,
华北理工大学轻工学院,河北,第101组,481,42000,,,,,,,,,,,,,,,
江苏师范大学科文学院,江苏,第103组,481,42097,,,,,,,,,,,,,,,
上海视觉艺术学院,上海,第101组,481,42194,,,,,,,,,,,,,,,
大连财经学院,辽宁,第101组,481,42288,,,,,,,,,,,,,,,
泉州信息工程学院,福建,第101组,481,42320,,,,,,,,,,,,,,,
青岛城市学院,山东,"第101组(工商管理
类 )",481,42444,,,,,,,,,,,,,,,
西安思源学院,陕西,第101组,480,42557,,,,,,,,,,,,,,,
江西农业大学南昌商学院,江西,第102组,480,42636,,,,,,,,,,,,,,,
新疆天山职业技术大学,新疆,第101组,480,42693,,,,,,,,,,,,,,,
西安交通工程学院,陕西,第101组,480,42711,,,,,,,,,,,,,,,
柳州工学院,广西,第101组,480,42737,,,,,,,,,,,,,,,
辽宁师范大学海华学院,辽宁,第102组,480,42750,,,,,,,,,,,,,,,
河北科技学院,河北,第102组,480,42931,,,,,,,,,,,,,,,
广东培正学院,广东,第101组,480,43003,,,,,,,,,,,,,,,
温州商学院,浙江,第101组,479,43039,,,,,,,,,,,,,,,
吉林外国语大学,吉林,第101组,479,43088,,,,,,,,,,,,,,,
上海建桥学院,上海,第101组,479,43177,,,,,,,,,,,,,,,
南宁理工学院,广西,第102组,479,43231,,,,,,,,,,,,,,,
南通理工学院,江苏,第101组,479,43365,,,,,,,,,,,,,,,
陕西国际商贸学院,陕西,第101组,479,43412,,,,,,,,,,,,,,,
景德镇陶瓷大学,江西,第103组,479,43414,,,,,,,,,,,,,,,
浙江越秀外国语学院,浙江,第101组,479,43446,,,,,,,,,,,,,,,
广州新华学院,广东,第101组,479,43521,,,,,,,,,,,,,,,
丽江文化旅游学院,云南,第101组,479,43590,,,,,,,,,,,,,,,
南昌交通学院,江西,第101组,478,43705,,,,,,,,,,,,,,,
四川工业科技学院,四川,第101组,478,43741,,,,,,,,,,,,,,,
南昌工学院,江西,第101组,478,43853,,,,,,,,,,,,,,,
景德镇艺术职业大学,江西,第101组,478,43856,,,,,,,,,,,,,,,
天津商业大学宝德学院,天津,第102组,478,43913,,,,,,,,,,,,,,,
武汉设计工程学院,湖北,第101组,478,44019,,,,,,,,,,,,,,,
南昌工学院,江西,第104组,478,44139,,,,,,,,,,,,,,,
湖北大学知行学院,湖北,第102组,477,44196,,,,,,,,,,,,,,,
天津仁爱学院,天津,第101组,477,44270,,,,,,,,,,,,,,,
西安外事学院,陕西,第101组,477,44310,,,,,,,,,,,,,,,
泰山科技学院,江苏,第101组,477,44422,,,,,,,,,,,,,,,
东莞城市学院,广东,第101组,477,44536,,,,,,,,,,,,,,,
保定理工学院,河北,第101组,477,44572,,,,,,,,,,,,,,,
吉林外国语大学,吉林,第102组,476,44741,,,,,,,,,,,,,,,
南宁理工学院,广西,第101组,476,44788,,,,,,,,,,,,,,,
吉利学院,四川,第101组,476,44895,,,,,,,,,,,,,,,
大连医科大学中山学院,辽宁,第101组,476,44915,,,,,,,,,,,,,,,
青岛恒星科技学院,山东,第102组,476,44941,,,,,,,,,,,,,,,
辽宁理工学院,辽宁,第101组,476,45013,,,,,,,,,,,,,,,
福州外语外贸学院,福建,第101组,476,45070,,,,,,,,,,,,,,,
海南师范大学,海南,第104组,476,45078,,,,,,,,,,,,,,,
南昌交通学院,江西,第102组,476,45181,,,,,,,,,,,,,,,
四川电影电视学院,四川,第101组,476,45273,,,,,,,,,,,,,,,
青岛恒星科技学院,山东,第101组,475,45340,,,,,,,,,,,,,,,
广州工商学院,广东,第101组,475,45457,,,,,,,,,,,,,,,
西安科技大学高新学院,陕西,第101组,475,45465,,,,,,,,,,,,,,,
哈尔滨远东理工学院,黑龙江,第101组,475,45471,,,,,,,,,,,,,,,
南昌工学院,江西,第102组,475,45672,,,,,,,,,,,,,,,
广州城市理工学院,广东,第101组,475,45761,,,,,,,,,,,,,,,
四川文化艺术学院,四川,第102组,474,45975,,,,,,,,,,,,,,,
天津传媒学院,天津,第101组,474,46039,,,,,,,,,,,,,,,
长春人文学院,吉林,第101组,474,46132,,,,,,,,,,,,,,,
南阳师范学院,河南,第104组,474,46178,,,,,,,,,,,,,,,
西安翻译学院,陕西,第101组,474,46334,,,,,,,,,,,,,,,
泉州职业技术大学,福建,第101组,474,46391,,,,,,,,,,,,,,,
长春财经学院,吉林,第101组,473,46459,,,,,,,,,,,,,,,
洛阳师范学院,河南,第103组,473,46702,,,,,,,,,,,,,,,
西安欧亚学院,陕西,第101组,473,46802,,,,,,,,,,,,,,,
三亚学院,海南,第104组,472,46989,,,,,,,,,,,,,,,
江西科技学院,江西,第101组,472,47047,,,,,,,,,,,,,,,
广东工商职业技术大学,广东,第102组,472,47052,,,,,,,,,,,,,,,
广东理工学院,广东,第101组,472,47134,,,,,,,,,,,,,,,
西安信息职业大学,陕西,第101组,472,47145,,,,,,,,,,,,,,,
福州理工学院,福建,第101组,472,47396,,,,,,,,,,,,,,,
黑龙江财经学院,黑龙江,第101组,472,47421,,,,,,,,,,,,,,,
天津天狮学院,天津,第101组,472,47542,,,,,,,,,,,,,,,
广东科技学院,广东,第101组,472,47555,,,,,,,,,,,,,,,
黑龙江东方学院,黑龙江,第101组,471,47624,,,,,,,,,,,,,,,
长春光华学院,吉林,第101组,471,47653,,,,,,,,,,,,,,,
广西外国语学院,广西,第101组,471,47663,,,,,,,,,,,,,,,
辽宁传媒学院,辽宁,第101组,471,47816,,,,,,,,,,,,,,,
西安明德理工学院,陕西,第101组,471,48026,,,,,,,,,,,,,,,
广州科技职业技术大学,广东,第101组,471,48029,,,,,,,,,,,,,,,
广东工商职业技术大学,广东,第101组,471,48109,,,,,,,,,,,,,,,
哈尔滨信息工程学院,黑龙江,第101组,471,48119,,,,,,,,,,,,,,,
沈阳城市学院,辽宁,第101组,471,48132,,,,,,,,,,,,,,,
桂林信息科技学院,广西,第101组,471,48142,,,,,,,,,,,,,,,
沈阳科技学院,辽宁,第101组,470,48381,,,,,,,,,,,,,,,
南昌工学院,江西,第103组,470,48410,,,,,,,,,,,,,,,
江西应用科技学院,江西,第101组,470,48482,,,,,,,,,,,,,,,
长春电子科技学院,吉林,第101组,470,48557,,,,,,,,,,,,,,,
青岛城市学院,山东,第102组(外语类),470,48576,,,,,,,,,,,,,,,
长春科技学院,吉林,第101组,470,48732,,,,,,,,,,,,,,,
吉林师范大学博达学院,吉林,第101组,470,48737,,,,,,,,,,,,,,,
上海外国语大学贤达经济人文学院,上海,第101组,470,48770,,,,,,,,,,,,,,,
陕西服装工程学院,陕西,第101组,469,48999,,,,,,,,,,,,,,,
大连东软信息学院,辽宁,第101组,469,49049,,,,,,,,,,,,,,,
哈尔滨石油学院,黑龙江,第101组,469,49090,,,,,,,,,,,,,,,
辽宁财贸学院,辽宁,第101组,469,49153,,,,,,,,,,,,,,,
西安思源学院,陕西,第103组,469,49166,,,,,,,,,,,,,,,
长春工业大学人文信息学院,吉林,第101组,469,49231,,,,,,,,,,,,,,,
湖北文理学院,湖北,第102组,469,49314,,,,,,,,,,,,,,,
沈阳城市建设学院,辽宁,第101组,469,49330,,,,,,,,,,,,,,,
湖南涉外经济学院,湖南,第101组,469,49355,,,,,,,,,,,,,,,
青岛电影学院,山东,第101组,468,49659,,,,,,,,,,,,,,,
河北传媒学院,河北,第102组,468,49705,,,,,,,,,,,,,,,
河北外国语学院,河北,第102组,468,49743,,,,,,,,,,,,,,,
长春建筑学院,吉林,第101组,468,49870,,,,,,,,,,,,,,,
吉林建筑科技学院,吉林,第101组,467,50002,,,,,,,,,,,,,,,
三亚学院,海南,第101组,467,50125,,,,,,,,,,,,,,,
西安汽车职业大学,陕西,第101组,467,50160,,,,,,,,,,,,,,,
长春大学旅游学院,吉林,第101组,467,50162,,,,,,,,,,,,,,,
辽宁对外经贸学院,辽宁,第101组,467,50253,,,,,,,,,,,,,,,
大连工业大学艺术与信息工程学院,辽宁,第101组,466,50631,,,,,,,,,,,,,,,
浙江广厦建设职业技术大学,浙江,第101组,466,50745,,,,,,,,,,,,,,,
西京学院,陕西,第103组,466,50826,,,,,,,,,,,,,,,
广西城市职业大学,广西,第101组,466,50899,,,,,,,,,,,,,,,
南昌职业大学,江西,第102组,465,51355,,,,,,,,,,,,,,,
吉林师范大学博达学院,吉林,第102组,465,51499,,,,,,,,,,,,,,,
南昌职业大学,江西,第101组,464,51725,,,,,,,,,,,,,,,
西安外国语大学,陕西,第103组,463,52154,,,,,,,,,,,,,,,
黑龙江工商学院,黑龙江,第101组,463,52351,,,,,,,,,,,,,,,
江西软件职业技术大学,江西,第104组,463,52656,,,,,,,,,,,,,,,
天津中医药大学,天津,第102组,463,52744,,,,,,,,,,,,,,,
长江大学,湖北,第102组,463,52744,,,,,,,,,,,,,,,
海南师范大学,海南,第102组,463,52744,,,,,,,,,,,,,,,
江西科技师范大学,江西,第10A组,463,52744,,,,,,,,,,,,,,,
湖南中医药大学,湖南,第102组,463,52744,,,,,,,,,,,,,,,
江西农业大学,江西,第102组,463,52744,,,,,,,,,,,,,,,
浙江中医药大学,浙江,第102组,463,52744,,,,,,,,,,,,,,,
广东医科大学,广东,第102组,463,52744,,,,,,,,,,,,,,,
东华理工大学,江西,第102组,463,52744,,,,,,,,,,,,,,,
洛阳师范学院,河南,第105组,463,52744,,,,,,,,,,,,,,,
辽宁中医药大学,辽宁,第103组,463,52744,,,,,,,,,,,,,,,
河套学院,内蒙古,第102组,463,52744,,,,,,,,,,,,,,,
齐鲁医药学院,山东,第102组,463,52744,,,,,,,,,,,,,,,
南华大学船山学院,湖南,第102组,463,52744,,,,,,,,,,,,,,,
天津医科大学临床医学院,天津,第102组,463,52744,,,,,,,,,,,,,,,
南昌理工学院,江西,第103组,463,52744,,,,,,,,,,,,,,,
丽江文化旅游学院,云南,第102组,463,52744,,,,,,,,,,,,,,,
四川工业科技学院,四川,第102组,463,52744,,,,,,,,,,,,,,,
长春人文学院,吉林,第102组,463,52744,,,,,,,,,,,,,,,
西安翻译学院,陕西,第102组,463,52744,,,,,,,,,,,,,,,
三亚学院,海南,第102组,463,52744,,,,,,,,,,,,,,,
三亚学院,海南,第103组,463,52744,,,,,,,,,,,,,,,
大连理工大学城市学院,辽宁,第101组,463,52744,,,,,,,,,,,,,,,
上海兴伟学院,上海,第101组,463,52744,,,,,,,,,,,,,,,
黑龙江外国语学院,黑龙江,第101组,463,52744,,,,,,,,,,,,,,,
齐齐哈尔工程学院,黑龙江,第101组,463,52744,,,,,,,,,,,,,,,
哈尔滨剑桥学院,黑龙江,第101组,463,52744,,,,,,,,,,,,,,,
哈尔滨华德学院,黑龙江,第101组,463,52744,,,,,,,,,,,,,,,
黑龙江工程学院昆仑旅游学院,黑龙江,第101组,463,52744,,,,,,,,,,,,,,,
湖南中医药大学湘杏学院,湖南,第101组,463,52744,,,,,,,,,,,,,,,
上海中侨职业技术大学,上海,第101组,463,52744,,,,,,,,,,,,,,,
上海中侨职业技术大学,上海,第102组,463,52744,,,,,,,,,,,,,,,
海口经济学院,海南,第101组,463,52744,,,,,,,,,,,,,,,
海南科技职业大学,海南,第102组,463,52744,,,,,,,,,,,,,,,
江西服装学院,江西,第101组,463,52744,,,,,,,,,,,,,,,
江西软件职业技术大学,江西,第101组,463,52744,,,,,,,,,,,,,,,
江西软件职业技术大学,江西,第102组,463,52744,,,,,,,,,,,,,,,
江西软件职业技术大学,江西,第103组,463,52744,,,,,,,,,,,,,,,